id,path,n_seq,bed
m2-UZk6rp,/data/revseq/results/gather_results/010623RVS-m2/sample_m2-UZk6rp/m2-UZk6rp_consensus_upload.gz,1,/data/revseq/metagenomics_integration_proof-of-concept/results/results/010623RVS/UZk6rp/merge_regions/UZk6rp.bed
m2-3xWWe7,/data/revseq/results/gather_results/010623RVS-m2/sample_m2-3xWWe7/m2-3xWWe7_consensus_upload.gz,1,/data/revseq/metagenomics_integration_proof-of-concept/results/results/010623RVS/3xWWe7/merge_regions/3xWWe7.bed
m2-4R8qnW,/data/revseq/results/gather_results/010623RVS-m2/sample_m2-4R8qnW/m2-4R8qnW_consensus_upload.gz,7,/data/revseq/metagenomics_integration_proof-of-concept/results/results/010623RVS/4R8qnW/merge_regions/4R8qnW.bed
m2-4VEsBg,/data/revseq/results/gather_results/010623RVS-m2/sample_m2-4VEsBg/m2-4VEsBg_consensus_upload.gz,7,/data/revseq/metagenomics_integration_proof-of-concept/results/results/010623RVS/4VEsBg/merge_regions/4VEsBg.bed
m2-nVaDMr,/data/revseq/results/gather_results/010623RVS-m2/sample_m2-nVaDMr/m2-nVaDMr_consensus_upload.gz,7,/data/revseq/metagenomics_integration_proof-of-concept/results/results/010623RVS/nVaDMr/merge_regions/nVaDMr.bed
m2-4VDu4S,/data/revseq/results/gather_results/010623RVS-m2/sample_m2-4VDu4S/m2-4VDu4S_consensus_upload.gz,7,/data/revseq/metagenomics_integration_proof-of-concept/results/results/010623RVS/4VDu4S/merge_regions/4VDu4S.bed
m2-4VxKmQ,/data/revseq/results/gather_results/010623RVS-m2/sample_m2-4VxKmQ/m2-4VxKmQ_consensus_upload.gz,7,/data/revseq/metagenomics_integration_proof-of-concept/results/results/010623RVS/4VxKmQ/merge_regions/4VxKmQ.bed
m2-32supx,/data/revseq/results/gather_results/010623RVS-m2/sample_m2-32supx/m2-32supx_consensus_upload.gz,1,/data/revseq/metagenomics_integration_proof-of-concept/results/results/010623RVS/32supx/merge_regions/32supx.bed
m2-3H2Wig,/data/revseq/results/gather_results/010623RVS-m2/sample_m2-3H2Wig/m2-3H2Wig_consensus_upload.gz,1,/data/revseq/metagenomics_integration_proof-of-concept/results/results/010623RVS/3H2Wig/merge_regions/3H2Wig.bed
m2-468ARL,/data/revseq/results/gather_results/010623RVS-m2/sample_m2-468ARL/m2-468ARL_consensus_upload.gz,1,/data/revseq/metagenomics_integration_proof-of-concept/results/results/010623RVS/468ARL/merge_regions/468ARL.bed
m2-48cAtM,/data/revseq/results/gather_results/010623RVS-m2/sample_m2-48cAtM/m2-48cAtM_consensus_upload.gz,1,/data/revseq/metagenomics_integration_proof-of-concept/results/results/010623RVS/48cAtM/merge_regions/48cAtM.bed
m2-mVqwfv,/data/revseq/results/gather_results/010623RVS-m2/sample_m2-mVqwfv/m2-mVqwfv_consensus_upload.gz,1,/data/revseq/metagenomics_integration_proof-of-concept/results/results/010623RVS/mVqwfv/merge_regions/mVqwfv.bed
m2-4Bx73L,/data/revseq/results/gather_results/010623RVS-m2/sample_m2-4Bx73L/m2-4Bx73L_consensus_upload.gz,7,/data/revseq/metagenomics_integration_proof-of-concept/results/results/010623RVS/4Bx73L/merge_regions/4Bx73L.bed
m2-4W9wb5,/data/revseq/results/gather_results/010623RVS-m2/sample_m2-4W9wb5/m2-4W9wb5_consensus_upload.gz,1,/data/revseq/metagenomics_integration_proof-of-concept/results/results/010623RVS/4W9wb5/merge_regions/4W9wb5.bed
m2-37mqBc,/data/revseq/results/gather_results/010623RVS-m2/sample_m2-37mqBc/m2-37mqBc_consensus_upload.gz,7,/data/revseq/metagenomics_integration_proof-of-concept/results/results/010623RVS/37mqBc/merge_regions/37mqBc.bed
m2-3MV28K,/data/revseq/results/gather_results/010623RVS-m2/sample_m2-3MV28K/m2-3MV28K_consensus_upload.gz,1,/data/revseq/metagenomics_integration_proof-of-concept/results/results/010623RVS/3MV28K/merge_regions/3MV28K.bed
m2-3qDrEd,/data/revseq/results/gather_results/010623RVS-m2/sample_m2-3qDrEd/m2-3qDrEd_consensus_upload.gz,8,/data/revseq/metagenomics_integration_proof-of-concept/results/results/010623RVS/3qDrEd/merge_regions/3qDrEd.bed
m2-4HbGG2,/data/revseq/results/gather_results/010623RVS-m2/sample_m2-4HbGG2/m2-4HbGG2_consensus_upload.gz,1,/data/revseq/metagenomics_integration_proof-of-concept/results/results/010623RVS/4HbGG2/merge_regions/4HbGG2.bed
m2-9jS4Ro,/data/revseq/results/gather_results/010623RVS-m2/sample_m2-9jS4Ro/m2-9jS4Ro_consensus_upload.gz,1,/data/revseq/metagenomics_integration_proof-of-concept/results/results/010623RVS/9jS4Ro/merge_regions/9jS4Ro.bed
m2-3d2qwx,/data/revseq/results/gather_results/010623RVS-m2/sample_m2-3d2qwx/m2-3d2qwx_consensus_upload.gz,1,/data/revseq/metagenomics_integration_proof-of-concept/results/results/010623RVS/3d2qwx/merge_regions/3d2qwx.bed
m2-AWBv2b,/data/revseq/results/gather_results/010623RVS-m2/sample_m2-AWBv2b/m2-AWBv2b_consensus_upload.gz,7,/data/revseq/metagenomics_integration_proof-of-concept/results/results/010623RVS/AWBv2b/merge_regions/AWBv2b.bed
m2-4Lx8Lv,/data/revseq/results/gather_results/010623RVS-m2/sample_m2-4Lx8Lv/m2-4Lx8Lv_consensus_upload.gz,1,/data/revseq/metagenomics_integration_proof-of-concept/results/results/010623RVS/4Lx8Lv/merge_regions/4Lx8Lv.bed
m2-3Fa9rz,/data/revseq/results/gather_results/010623RVS-m2/sample_m2-3Fa9rz/m2-3Fa9rz_consensus_upload.gz,1,/data/revseq/metagenomics_integration_proof-of-concept/results/results/010623RVS/3Fa9rz/merge_regions/3Fa9rz.bed
m2-FMccqA,/data/revseq/results/gather_results/010623RVS-m2/sample_m2-FMccqA/m2-FMccqA_consensus_upload.gz,7,/data/revseq/metagenomics_integration_proof-of-concept/results/results/010623RVS/FMccqA/merge_regions/FMccqA.bed
m2-3G3Doj,/data/revseq/results/gather_results/010623RVS-m2/sample_m2-3G3Doj/m2-3G3Doj_consensus_upload.gz,1,/data/revseq/metagenomics_integration_proof-of-concept/results/results/010623RVS/3G3Doj/merge_regions/3G3Doj.bed
m2-3zPstM,/data/revseq/results/gather_results/010623RVS-m2/sample_m2-3zPstM/m2-3zPstM_consensus_upload.gz,1,/data/revseq/metagenomics_integration_proof-of-concept/results/results/010623RVS/3zPstM/merge_regions/3zPstM.bed
m2-gYFizT,/data/revseq/results/gather_results/010623RVS-m2/sample_m2-gYFizT/m2-gYFizT_consensus_upload.gz,1,/data/revseq/metagenomics_integration_proof-of-concept/results/results/010623RVS/gYFizT/merge_regions/gYFizT.bed
m2-357RdT,/data/revseq/results/gather_results/010623RVS-m2/sample_m2-357RdT/m2-357RdT_consensus_upload.gz,7,/data/revseq/metagenomics_integration_proof-of-concept/results/results/010623RVS/357RdT/merge_regions/357RdT.bed
m2-5at3hA,/data/revseq/results/gather_results/010623RVS-m2/sample_m2-5at3hA/m2-5at3hA_consensus_upload.gz,1,/data/revseq/metagenomics_integration_proof-of-concept/results/results/010623RVS/5at3hA/merge_regions/5at3hA.bed
m2-YAdfpF,/data/revseq/results/gather_results/010623RVS-m2/sample_m2-YAdfpF/m2-YAdfpF_consensus_upload.gz,1,/data/revseq/metagenomics_integration_proof-of-concept/results/results/010623RVS/YAdfpF/merge_regions/YAdfpF.bed
m2-4SnyCD,/data/revseq/results/gather_results/010623RVS-m2/sample_m2-4SnyCD/m2-4SnyCD_consensus_upload.gz,8,/data/revseq/metagenomics_integration_proof-of-concept/results/results/010623RVS/4SnyCD/merge_regions/4SnyCD.bed
m2-37cQGL,/data/revseq/results/gather_results/010623RVS-m2/sample_m2-37cQGL/m2-37cQGL_consensus_upload.gz,1,/data/revseq/metagenomics_integration_proof-of-concept/results/results/010623RVS/37cQGL/merge_regions/37cQGL.bed
m2-ZNzLxp,/data/revseq/results/gather_results/010623RVS-m2/sample_m2-ZNzLxp/m2-ZNzLxp_consensus_upload.gz,1,/data/revseq/metagenomics_integration_proof-of-concept/results/results/010623RVS/ZNzLxp/merge_regions/ZNzLxp.bed
m2-3qdHwU,/data/revseq/results/gather_results/010623RVS-m2/sample_m2-3qdHwU/m2-3qdHwU_consensus_upload.gz,1,/data/revseq/metagenomics_integration_proof-of-concept/results/results/010623RVS/3qdHwU/merge_regions/3qdHwU.bed
m2-zG7RFd,/data/revseq/results/gather_results/RVSeq71123-m2/sample_m2-zG7RFd/m2-zG7RFd_consensus_upload.gz,1,/data/revseq/metagenomics_integration_proof-of-concept/results/results/RVSeq71123/zG7RFd/merge_regions/zG7RFd.bed
m2-36z874,/data/revseq/results/gather_results/RVSeq71123-m2/sample_m2-36z874/m2-36z874_consensus_upload.gz,1,/data/revseq/metagenomics_integration_proof-of-concept/results/results/RVSeq71123/36z874/merge_regions/36z874.bed
m2-4PF58Q,/data/revseq/results/gather_results/RVSeq71123-m2/sample_m2-4PF58Q/m2-4PF58Q_consensus_upload.gz,1,/data/revseq/metagenomics_integration_proof-of-concept/results/results/RVSeq71123/4PF58Q/merge_regions/4PF58Q.bed
m2-BdNxPR,/data/revseq/results/gather_results/RVSeq71123-m2/sample_m2-BdNxPR/m2-BdNxPR_consensus_upload.gz,1,/data/revseq/metagenomics_integration_proof-of-concept/results/results/RVSeq71123/BdNxPR/merge_regions/BdNxPR.bed
m2-3fLBSP,/data/revseq/results/gather_results/RVSeqPlate3-m2/sample_m2-3fLBSP/m2-3fLBSP_consensus_upload.gz,1,/data/revseq/metagenomics_integration_proof-of-concept/results/results/RVSeqPlate3/3fLBSP/merge_regions/3fLBSP.bed
m2-32WNFL,/data/revseq/results/gather_results/RVSeqPlate3-m2/sample_m2-32WNFL/m2-32WNFL_consensus_upload.gz,8,/data/revseq/metagenomics_integration_proof-of-concept/results/results/RVSeqPlate3/32WNFL/merge_regions/32WNFL.bed
m2-BdtP8F,/data/revseq/results/gather_results/RVSeqPlate3-m2/sample_m2-BdtP8F/m2-BdtP8F_consensus_upload.gz,8,/data/revseq/metagenomics_integration_proof-of-concept/results/results/RVSeqPlate3/BdtP8F/merge_regions/BdtP8F.bed
m2-3Vw5ij,/data/revseq/results/gather_results/RVSeqPlate3-m2/sample_m2-3Vw5ij/m2-3Vw5ij_consensus_upload.gz,1,/data/revseq/metagenomics_integration_proof-of-concept/results/results/RVSeqPlate3/3Vw5ij/merge_regions/3Vw5ij.bed
m2-4JSa55,/data/revseq/results/gather_results/RVSeqPlate3-m2/sample_m2-4JSa55/m2-4JSa55_consensus_upload.gz,1,/data/revseq/metagenomics_integration_proof-of-concept/results/results/RVSeqPlate3/4JSa55/merge_regions/4JSa55.bed
m2-3eGjGj,/data/revseq/results/gather_results/RVSeqPlate3-m2/sample_m2-3eGjGj/m2-3eGjGj_consensus_upload.gz,1,/data/revseq/metagenomics_integration_proof-of-concept/results/results/RVSeqPlate3/3eGjGj/merge_regions/3eGjGj.bed
m2-3URpmc,/data/revseq/results/gather_results/RVSeqPlate3-m2/sample_m2-3URpmc/m2-3URpmc_consensus_upload.gz,8,/data/revseq/metagenomics_integration_proof-of-concept/results/results/RVSeqPlate3/3URpmc/merge_regions/3URpmc.bed
m2-49m5VA,/data/revseq/results/gather_results/RVSeqPlate3-m2/sample_m2-49m5VA/m2-49m5VA_consensus_upload.gz,1,/data/revseq/metagenomics_integration_proof-of-concept/results/results/RVSeqPlate3/49m5VA/merge_regions/49m5VA.bed
m2-3MgVni,/data/revseq/results/gather_results/RVSeqPlate3-m2/sample_m2-3MgVni/m2-3MgVni_consensus_upload.gz,8,/data/revseq/metagenomics_integration_proof-of-concept/results/results/RVSeqPlate3/3MgVni/merge_regions/3MgVni.bed
m2-4Die3B,/data/revseq/results/gather_results/RVSeqPlate3-m2/sample_m2-4Die3B/m2-4Die3B_consensus_upload.gz,1,/data/revseq/metagenomics_integration_proof-of-concept/results/results/RVSeqPlate3/4Die3B/merge_regions/4Die3B.bed
m2-4SWHMc,/data/revseq/results/gather_results/RVSeqPlate3-m2/sample_m2-4SWHMc/m2-4SWHMc_consensus_upload.gz,1,/data/revseq/metagenomics_integration_proof-of-concept/results/results/RVSeqPlate3/4SWHMc/merge_regions/4SWHMc.bed
m2-3TMBNi,/data/revseq/results/gather_results/RVSeqPlate3-m2/sample_m2-3TMBNi/m2-3TMBNi_consensus_upload.gz,1,/data/revseq/metagenomics_integration_proof-of-concept/results/results/RVSeqPlate3/3TMBNi/merge_regions/3TMBNi.bed
m2-zGrf4n,/data/revseq/results/gather_results/RVSeqPlate3-m2/sample_m2-zGrf4n/m2-zGrf4n_consensus_upload.gz,1,/data/revseq/metagenomics_integration_proof-of-concept/results/results/RVSeqPlate3/zGrf4n/merge_regions/zGrf4n.bed
m2-8ERNNJ,/data/revseq/results/gather_results/RVSeqPlate3-m2/sample_m2-8ERNNJ/m2-8ERNNJ_consensus_upload.gz,1,/data/revseq/metagenomics_integration_proof-of-concept/results/results/RVSeqPlate3/8ERNNJ/merge_regions/8ERNNJ.bed
m2-3fGJE8,/data/revseq/results/gather_results/RVSeqPlate3-m2/sample_m2-3fGJE8/m2-3fGJE8_consensus_upload.gz,1,/data/revseq/metagenomics_integration_proof-of-concept/results/results/RVSeqPlate3/3fGJE8/merge_regions/3fGJE8.bed
m2-4Rt9sw,/data/revseq/results/gather_results/RVSeqPlate3-m2/sample_m2-4Rt9sw/m2-4Rt9sw_consensus_upload.gz,8,/data/revseq/metagenomics_integration_proof-of-concept/results/results/RVSeqPlate3/4Rt9sw/merge_regions/4Rt9sw.bed
m2-3wTS9S,/data/revseq/results/gather_results/RVSeqPlate3-m2/sample_m2-3wTS9S/m2-3wTS9S_consensus_upload.gz,1,/data/revseq/metagenomics_integration_proof-of-concept/results/results/RVSeqPlate3/3wTS9S/merge_regions/3wTS9S.bed
m2-375EUk,/data/revseq/results/gather_results/RVSeqPlate3-m2/sample_m2-375EUk/m2-375EUk_consensus_upload.gz,8,/data/revseq/metagenomics_integration_proof-of-concept/results/results/RVSeqPlate3/375EUk/merge_regions/375EUk.bed
m2-3edUBd,/data/revseq/results/gather_results/RVSeqPlate3-m2/sample_m2-3edUBd/m2-3edUBd_consensus_upload.gz,8,/data/revseq/metagenomics_integration_proof-of-concept/results/results/RVSeqPlate3/3edUBd/merge_regions/3edUBd.bed
m2-hXgLde,/data/revseq/results/gather_results/RVSeqPlate3-m2/sample_m2-hXgLde/m2-hXgLde_consensus_upload.gz,1,/data/revseq/metagenomics_integration_proof-of-concept/results/results/RVSeqPlate3/hXgLde/merge_regions/hXgLde.bed
m2-33eCP4,/data/revseq/results/gather_results/RVSeqPlate3-m2/sample_m2-33eCP4/m2-33eCP4_consensus_upload.gz,1,/data/revseq/metagenomics_integration_proof-of-concept/results/results/RVSeqPlate3/33eCP4/merge_regions/33eCP4.bed
m2-4SRYNi,/data/revseq/results/gather_results/RVSeqPlate3-m2/sample_m2-4SRYNi/m2-4SRYNi_consensus_upload.gz,1,/data/revseq/metagenomics_integration_proof-of-concept/results/results/RVSeqPlate3/4SRYNi/merge_regions/4SRYNi.bed
m2-3aogRq,/data/revseq/results/gather_results/RVSeqPlate3-m2/sample_m2-3aogRq/m2-3aogRq_consensus_upload.gz,1,/data/revseq/metagenomics_integration_proof-of-concept/results/results/RVSeqPlate3/3aogRq/merge_regions/3aogRq.bed
m2-3Ft7q9,/data/revseq/results/gather_results/RVSeqPlate3-m2/sample_m2-3Ft7q9/m2-3Ft7q9_consensus_upload.gz,1,/data/revseq/metagenomics_integration_proof-of-concept/results/results/RVSeqPlate3/3Ft7q9/merge_regions/3Ft7q9.bed
m2-38nVTV,/data/revseq/results/gather_results/RVSeqPlate3-m2/sample_m2-38nVTV/m2-38nVTV_consensus_upload.gz,1,/data/revseq/metagenomics_integration_proof-of-concept/results/results/RVSeqPlate3/38nVTV/merge_regions/38nVTV.bed
m2-4H6FKQ,/data/revseq/results/gather_results/RVSeqPlate3-m2/sample_m2-4H6FKQ/m2-4H6FKQ_consensus_upload.gz,1,/data/revseq/metagenomics_integration_proof-of-concept/results/results/RVSeqPlate3/4H6FKQ/merge_regions/4H6FKQ.bed
m2-4kXick,/data/revseq/results/gather_results/RVSeqPlate3-m2/sample_m2-4kXick/m2-4kXick_consensus_upload.gz,1,/data/revseq/metagenomics_integration_proof-of-concept/results/results/RVSeqPlate3/4kXick/merge_regions/4kXick.bed
m2-5xXjjp,/data/revseq/results/gather_results/RVSeqPlate3-m2/sample_m2-5xXjjp/m2-5xXjjp_consensus_upload.gz,1,/data/revseq/metagenomics_integration_proof-of-concept/results/results/RVSeqPlate3/5xXjjp/merge_regions/5xXjjp.bed
m2-3SXzSV,/data/revseq/results/gather_results/RVSeqPlate3-m2/sample_m2-3SXzSV/m2-3SXzSV_consensus_upload.gz,1,/data/revseq/metagenomics_integration_proof-of-concept/results/results/RVSeqPlate3/3SXzSV/merge_regions/3SXzSV.bed
m2-BF2ufp,/data/revseq/results/gather_results/RVSeqPlate3-m2/sample_m2-BF2ufp/m2-BF2ufp_consensus_upload.gz,1,/data/revseq/metagenomics_integration_proof-of-concept/results/results/RVSeqPlate3/BF2ufp/merge_regions/BF2ufp.bed
m2-BJn2VZ,/data/revseq/results/gather_results/RVSeqPlate3-m2/sample_m2-BJn2VZ/m2-BJn2VZ_consensus_upload.gz,1,/data/revseq/metagenomics_integration_proof-of-concept/results/results/RVSeqPlate3/BJn2VZ/merge_regions/BJn2VZ.bed
m2-bkrZsY,/data/revseq/results/gather_results/RVSeqPlate3-m2/sample_m2-bkrZsY/m2-bkrZsY_consensus_upload.gz,1,/data/revseq/metagenomics_integration_proof-of-concept/results/results/RVSeqPlate3/bkrZsY/merge_regions/bkrZsY.bed
m2-cGQaRk,/data/revseq/results/gather_results/RVSeqPlate3-m2/sample_m2-cGQaRk/m2-cGQaRk_consensus_upload.gz,1,/data/revseq/metagenomics_integration_proof-of-concept/results/results/RVSeqPlate3/cGQaRk/merge_regions/cGQaRk.bed
m2-DxMevL,/data/revseq/results/gather_results/RVSeqPlate3-m2/sample_m2-DxMevL/m2-DxMevL_consensus_upload.gz,1,/data/revseq/metagenomics_integration_proof-of-concept/results/results/RVSeqPlate3/DxMevL/merge_regions/DxMevL.bed
m2-3KZQzJ,/data/revseq/results/gather_results/RVSeqPlate3-m2/sample_m2-3KZQzJ/m2-3KZQzJ_consensus_upload.gz,1,/data/revseq/metagenomics_integration_proof-of-concept/results/results/RVSeqPlate3/3KZQzJ/merge_regions/3KZQzJ.bed
m2-Mj6hgu,/data/revseq/results/gather_results/RVSeqPlate3-m2/sample_m2-Mj6hgu/m2-Mj6hgu_consensus_upload.gz,1,/data/revseq/metagenomics_integration_proof-of-concept/results/results/RVSeqPlate3/Mj6hgu/merge_regions/Mj6hgu.bed
m2-xvyMxE,/data/revseq/results/gather_results/RVSeqPlate3-m2/sample_m2-xvyMxE/m2-xvyMxE_consensus_upload.gz,1,/data/revseq/metagenomics_integration_proof-of-concept/results/results/RVSeqPlate3/xvyMxE/merge_regions/xvyMxE.bed
m2-kwbwf8,/data/revseq/results/gather_results/RVSeqPlate4-m2/sample_m2-kwbwf8/m2-kwbwf8_consensus_upload.gz,8,/data/revseq/metagenomics_integration_proof-of-concept/results/results/RVSeqPlate4/kwbwf8/merge_regions/kwbwf8.bed
m2-ex4d6T,/data/revseq/results/gather_results/RVSeqPlate4-m2/sample_m2-ex4d6T/m2-ex4d6T_consensus_upload.gz,7,/data/revseq/metagenomics_integration_proof-of-concept/results/results/RVSeqPlate4/ex4d6T/merge_regions/ex4d6T.bed
m2-XisgNp,/data/revseq/results/gather_results/RVSeqPlate4-m2/sample_m2-XisgNp/m2-XisgNp_consensus_upload.gz,1,/data/revseq/metagenomics_integration_proof-of-concept/results/results/RVSeqPlate4/XisgNp/merge_regions/XisgNp.bed
m2-mc3GSV,/data/revseq/results/gather_results/RVSeqPlate4-m2/sample_m2-mc3GSV/m2-mc3GSV_consensus_upload.gz,8,/data/revseq/metagenomics_integration_proof-of-concept/results/results/RVSeqPlate4/mc3GSV/merge_regions/mc3GSV.bed
m2-X3sxhS,/data/revseq/results/gather_results/RVSeqPlate4-m2/sample_m2-X3sxhS/m2-X3sxhS_consensus_upload.gz,1,/data/revseq/metagenomics_integration_proof-of-concept/results/results/RVSeqPlate4/X3sxhS/merge_regions/X3sxhS.bed
m2-XEuJCy,/data/revseq/results/gather_results/RVSeqPlate4-m2/sample_m2-XEuJCy/m2-XEuJCy_consensus_upload.gz,8,/data/revseq/metagenomics_integration_proof-of-concept/results/results/RVSeqPlate4/XEuJCy/merge_regions/XEuJCy.bed
m2-Xx7sqD,/data/revseq/results/gather_results/RVSeqPlate4-m2/sample_m2-Xx7sqD/m2-Xx7sqD_consensus_upload.gz,1,/data/revseq/metagenomics_integration_proof-of-concept/results/results/RVSeqPlate4/Xx7sqD/merge_regions/Xx7sqD.bed
m2-2YwKxe,/data/revseq/results/gather_results/RVSeqPlate4-m2/sample_m2-2YwKxe/m2-2YwKxe_consensus_upload.gz,1,/data/revseq/metagenomics_integration_proof-of-concept/results/results/RVSeqPlate4/2YwKxe/merge_regions/2YwKxe.bed
m2-aWAj59,/data/revseq/results/gather_results/RVSeqPlate4-m2/sample_m2-aWAj59/m2-aWAj59_consensus_upload.gz,1,/data/revseq/metagenomics_integration_proof-of-concept/results/results/RVSeqPlate4/aWAj59/merge_regions/aWAj59.bed
m2-4i2tZF,/data/revseq/results/gather_results/RVSeqPlate4-m2/sample_m2-4i2tZF/m2-4i2tZF_consensus_upload.gz,1,/data/revseq/metagenomics_integration_proof-of-concept/results/results/RVSeqPlate4/4i2tZF/merge_regions/4i2tZF.bed
m2-tUrV5z,/data/revseq/results/gather_results/RVSeqPlate4-m2/sample_m2-tUrV5z/m2-tUrV5z_consensus_upload.gz,1,/data/revseq/metagenomics_integration_proof-of-concept/results/results/RVSeqPlate4/tUrV5z/merge_regions/tUrV5z.bed
m2-v3KDUF,/data/revseq/results/gather_results/RVSeqPlate4-m2/sample_m2-v3KDUF/m2-v3KDUF_consensus_upload.gz,1,/data/revseq/metagenomics_integration_proof-of-concept/results/results/RVSeqPlate4/v3KDUF/merge_regions/v3KDUF.bed
m2-UqhsDL,/data/revseq/results/gather_results/RVSeqPlate4-m2/sample_m2-UqhsDL/m2-UqhsDL_consensus_upload.gz,8,/data/revseq/metagenomics_integration_proof-of-concept/results/results/RVSeqPlate4/UqhsDL/merge_regions/UqhsDL.bed
m2-Zu3u7N,/data/revseq/results/gather_results/RVSeqPlate4-m2/sample_m2-Zu3u7N/m2-Zu3u7N_consensus_upload.gz,1,/data/revseq/metagenomics_integration_proof-of-concept/results/results/RVSeqPlate4/Zu3u7N/merge_regions/Zu3u7N.bed
m2-4UF9K6,/data/revseq/results/gather_results/RVSeqPlate4-m2/sample_m2-4UF9K6/m2-4UF9K6_consensus_upload.gz,8,/data/revseq/metagenomics_integration_proof-of-concept/results/results/RVSeqPlate4/4UF9K6/merge_regions/4UF9K6.bed
m2-CLwScw,/data/revseq/results/gather_results/RVSeqPlate4-m2/sample_m2-CLwScw/m2-CLwScw_consensus_upload.gz,8,/data/revseq/metagenomics_integration_proof-of-concept/results/results/RVSeqPlate4/CLwScw/merge_regions/CLwScw.bed
m2-hU5TjU,/data/revseq/results/gather_results/RVSeqPlate4-m2/sample_m2-hU5TjU/m2-hU5TjU_consensus_upload.gz,1,/data/revseq/metagenomics_integration_proof-of-concept/results/results/RVSeqPlate4/hU5TjU/merge_regions/hU5TjU.bed
m2-jtjCjd,/data/revseq/results/gather_results/RVSeqPlate4-m2/sample_m2-jtjCjd/m2-jtjCjd_consensus_upload.gz,8,/data/revseq/metagenomics_integration_proof-of-concept/results/results/RVSeqPlate4/jtjCjd/merge_regions/jtjCjd.bed
m2-HAAUgG,/data/revseq/results/gather_results/RVSeqPlate4-m2/sample_m2-HAAUgG/m2-HAAUgG_consensus_upload.gz,1,/data/revseq/metagenomics_integration_proof-of-concept/results/results/RVSeqPlate4/HAAUgG/merge_regions/HAAUgG.bed
m2-xwkVbK,/data/revseq/results/gather_results/RVSeqPlate4-m2/sample_m2-xwkVbK/m2-xwkVbK_consensus_upload.gz,8,/data/revseq/metagenomics_integration_proof-of-concept/results/results/RVSeqPlate4/xwkVbK/merge_regions/xwkVbK.bed
m2-ZAyjrq,/data/revseq/results/gather_results/RVSeqPlate4-m2/sample_m2-ZAyjrq/m2-ZAyjrq_consensus_upload.gz,8,/data/revseq/metagenomics_integration_proof-of-concept/results/results/RVSeqPlate4/ZAyjrq/merge_regions/ZAyjrq.bed
m2-RyXauM,/data/revseq/results/gather_results/RVSeqPlate4-m2/sample_m2-RyXauM/m2-RyXauM_consensus_upload.gz,8,/data/revseq/metagenomics_integration_proof-of-concept/results/results/RVSeqPlate4/RyXauM/merge_regions/RyXauM.bed
m2-itJLqU,/data/revseq/results/gather_results/RVSeqPlate4-m2/sample_m2-itJLqU/m2-itJLqU_consensus_upload.gz,8,/data/revseq/metagenomics_integration_proof-of-concept/results/results/RVSeqPlate4/itJLqU/merge_regions/itJLqU.bed
m2-MT4r8p,/data/revseq/results/gather_results/RVSeqPlate4-m2/sample_m2-MT4r8p/m2-MT4r8p_consensus_upload.gz,1,/data/revseq/metagenomics_integration_proof-of-concept/results/results/RVSeqPlate4/MT4r8p/merge_regions/MT4r8p.bed
m2-E6qgW7,/data/revseq/results/gather_results/RVSeqPlate4-m2/sample_m2-E6qgW7/m2-E6qgW7_consensus_upload.gz,1,/data/revseq/metagenomics_integration_proof-of-concept/results/results/RVSeqPlate4/E6qgW7/merge_regions/E6qgW7.bed
m2-xPAa2d,/data/revseq/results/gather_results/RVSeqPlate4-m2/sample_m2-xPAa2d/m2-xPAa2d_consensus_upload.gz,1,/data/revseq/metagenomics_integration_proof-of-concept/results/results/RVSeqPlate4/xPAa2d/merge_regions/xPAa2d.bed
m2-HXGr8V,/data/revseq/results/gather_results/RVSeqPlate4-m2/sample_m2-HXGr8V/m2-HXGr8V_consensus_upload.gz,1,/data/revseq/metagenomics_integration_proof-of-concept/results/results/RVSeqPlate4/HXGr8V/merge_regions/HXGr8V.bed
m2-G4bQxE,/data/revseq/results/gather_results/RVSeqPlate4-m2/sample_m2-G4bQxE/m2-G4bQxE_consensus_upload.gz,1,/data/revseq/metagenomics_integration_proof-of-concept/results/results/RVSeqPlate4/G4bQxE/merge_regions/G4bQxE.bed
m2-gyQtpZ,/data/revseq/results/gather_results/RVSeqPlate4-m2/sample_m2-gyQtpZ/m2-gyQtpZ_consensus_upload.gz,1,/data/revseq/metagenomics_integration_proof-of-concept/results/results/RVSeqPlate4/gyQtpZ/merge_regions/gyQtpZ.bed
m2-mGefQv,/data/revseq/results/gather_results/RVSeqPlate4-m2/sample_m2-mGefQv/m2-mGefQv_consensus_upload.gz,1,/data/revseq/metagenomics_integration_proof-of-concept/results/results/RVSeqPlate4/mGefQv/merge_regions/mGefQv.bed
m2-npCqtD,/data/revseq/results/gather_results/RVSeqPlate4-m2/sample_m2-npCqtD/m2-npCqtD_consensus_upload.gz,1,/data/revseq/metagenomics_integration_proof-of-concept/results/results/RVSeqPlate4/npCqtD/merge_regions/npCqtD.bed
m2-ozKj7w,/data/revseq/results/gather_results/RVSeqPlate4-m2/sample_m2-ozKj7w/m2-ozKj7w_consensus_upload.gz,1,/data/revseq/metagenomics_integration_proof-of-concept/results/results/RVSeqPlate4/ozKj7w/merge_regions/ozKj7w.bed
m2-q4bsMd,/data/revseq/results/gather_results/RVSeqPlate4-m2/sample_m2-q4bsMd/m2-q4bsMd_consensus_upload.gz,1,/data/revseq/metagenomics_integration_proof-of-concept/results/results/RVSeqPlate4/q4bsMd/merge_regions/q4bsMd.bed
m2-QGowTB,/data/revseq/results/gather_results/RVSeqPlate4-m2/sample_m2-QGowTB/m2-QGowTB_consensus_upload.gz,1,/data/revseq/metagenomics_integration_proof-of-concept/results/results/RVSeqPlate4/QGowTB/merge_regions/QGowTB.bed
m2-QtXNo7,/data/revseq/results/gather_results/RVSeqPlate4-m2/sample_m2-QtXNo7/m2-QtXNo7_consensus_upload.gz,1,/data/revseq/metagenomics_integration_proof-of-concept/results/results/RVSeqPlate4/QtXNo7/merge_regions/QtXNo7.bed
m2-TzR6v7,/data/revseq/results/gather_results/RVSeqPlate4-m2/sample_m2-TzR6v7/m2-TzR6v7_consensus_upload.gz,1,/data/revseq/metagenomics_integration_proof-of-concept/results/results/RVSeqPlate4/TzR6v7/merge_regions/TzR6v7.bed
m2-uBCY5S,/data/revseq/results/gather_results/RVSeqPlate4-m2/sample_m2-uBCY5S/m2-uBCY5S_consensus_upload.gz,1,/data/revseq/metagenomics_integration_proof-of-concept/results/results/RVSeqPlate4/uBCY5S/merge_regions/uBCY5S.bed
m2-y9sf9q,/data/revseq/results/gather_results/RVSeqPlate4-m2/sample_m2-y9sf9q/m2-y9sf9q_consensus_upload.gz,1,/data/revseq/metagenomics_integration_proof-of-concept/results/results/RVSeqPlate4/y9sf9q/merge_regions/y9sf9q.bed
m2-yQUmMG,/data/revseq/results/gather_results/RVSeqPlate4-m2/sample_m2-yQUmMG/m2-yQUmMG_consensus_upload.gz,1,/data/revseq/metagenomics_integration_proof-of-concept/results/results/RVSeqPlate4/yQUmMG/merge_regions/yQUmMG.bed
m2-xHGR9u,/data/revseq/results/gather_results/RVSeqPlate5-m2/sample_m2-xHGR9u/m2-xHGR9u_consensus_upload.gz,8,/data/revseq/metagenomics_integration_proof-of-concept/results/results/RVSeqPlate5/xHGR9u/merge_regions/xHGR9u.bed
m2-xrRPFj,/data/revseq/results/gather_results/RVSeqPlate5-m2/sample_m2-xrRPFj/m2-xrRPFj_consensus_upload.gz,8,/data/revseq/metagenomics_integration_proof-of-concept/results/results/RVSeqPlate5/xrRPFj/merge_regions/xrRPFj.bed
m2-xxAxC9,/data/revseq/results/gather_results/RVSeqPlate5-m2/sample_m2-xxAxC9/m2-xxAxC9_consensus_upload.gz,8,/data/revseq/metagenomics_integration_proof-of-concept/results/results/RVSeqPlate5/xxAxC9/merge_regions/xxAxC9.bed
m2-hPD72F,/data/revseq/results/gather_results/RVSeqPlate5-m2/sample_m2-hPD72F/m2-hPD72F_consensus_upload.gz,7,/data/revseq/metagenomics_integration_proof-of-concept/results/results/RVSeqPlate5/hPD72F/merge_regions/hPD72F.bed
m2-qtZxkz,/data/revseq/results/gather_results/RVSeqPlate5-m2/sample_m2-qtZxkz/m2-qtZxkz_consensus_upload.gz,8,/data/revseq/metagenomics_integration_proof-of-concept/results/results/RVSeqPlate5/qtZxkz/merge_regions/qtZxkz.bed
m2-sxkK9R,/data/revseq/results/gather_results/RVSeqPlate5-m2/sample_m2-sxkK9R/m2-sxkK9R_consensus_upload.gz,8,/data/revseq/metagenomics_integration_proof-of-concept/results/results/RVSeqPlate5/sxkK9R/merge_regions/sxkK9R.bed
m2-SKJgwA,/data/revseq/results/gather_results/RVSeqPlate5-m2/sample_m2-SKJgwA/m2-SKJgwA_consensus_upload.gz,8,/data/revseq/metagenomics_integration_proof-of-concept/results/results/RVSeqPlate5/SKJgwA/merge_regions/SKJgwA.bed
m2-ss4Fh8,/data/revseq/results/gather_results/RVSeqPlate5-m2/sample_m2-ss4Fh8/m2-ss4Fh8_consensus_upload.gz,8,/data/revseq/metagenomics_integration_proof-of-concept/results/results/RVSeqPlate5/ss4Fh8/merge_regions/ss4Fh8.bed
m2-URVR7h,/data/revseq/results/gather_results/RVSeqPlate5-m2/sample_m2-URVR7h/m2-URVR7h_consensus_upload.gz,8,/data/revseq/metagenomics_integration_proof-of-concept/results/results/RVSeqPlate5/URVR7h/merge_regions/URVR7h.bed
m2-sJs93G,/data/revseq/results/gather_results/RVSeqPlate5-m2/sample_m2-sJs93G/m2-sJs93G_consensus_upload.gz,1,/data/revseq/metagenomics_integration_proof-of-concept/results/results/RVSeqPlate5/sJs93G/merge_regions/sJs93G.bed
m2-Sm9GYA,/data/revseq/results/gather_results/RVSeqPlate5-m2/sample_m2-Sm9GYA/m2-Sm9GYA_consensus_upload.gz,8,/data/revseq/metagenomics_integration_proof-of-concept/results/results/RVSeqPlate5/Sm9GYA/merge_regions/Sm9GYA.bed
m2-GpvELC,/data/revseq/results/gather_results/RVSeqPlate5-m2/sample_m2-GpvELC/m2-GpvELC_consensus_upload.gz,1,/data/revseq/metagenomics_integration_proof-of-concept/results/results/RVSeqPlate5/GpvELC/merge_regions/GpvELC.bed
m2-jQNpYD,/data/revseq/results/gather_results/RVSeqPlate5-m2/sample_m2-jQNpYD/m2-jQNpYD_consensus_upload.gz,1,/data/revseq/metagenomics_integration_proof-of-concept/results/results/RVSeqPlate5/jQNpYD/merge_regions/jQNpYD.bed
m2-xYnaUy,/data/revseq/results/gather_results/RVSeqPlate5-m2/sample_m2-xYnaUy/m2-xYnaUy_consensus_upload.gz,8,/data/revseq/metagenomics_integration_proof-of-concept/results/results/RVSeqPlate5/xYnaUy/merge_regions/xYnaUy.bed
m2-m6243p,/data/revseq/results/gather_results/RVSeqPlate5-m2/sample_m2-m6243p/m2-m6243p_consensus_upload.gz,8,/data/revseq/metagenomics_integration_proof-of-concept/results/results/RVSeqPlate5/m6243p/merge_regions/m6243p.bed
m2-opfXjQ,/data/revseq/results/gather_results/RVSeqPlate5-m2/sample_m2-opfXjQ/m2-opfXjQ_consensus_upload.gz,8,/data/revseq/metagenomics_integration_proof-of-concept/results/results/RVSeqPlate5/opfXjQ/merge_regions/opfXjQ.bed
m2-q2oXnd,/data/revseq/results/gather_results/RVSeqPlate5-m2/sample_m2-q2oXnd/m2-q2oXnd_consensus_upload.gz,8,/data/revseq/metagenomics_integration_proof-of-concept/results/results/RVSeqPlate5/q2oXnd/merge_regions/q2oXnd.bed
m2-Qb4JVo,/data/revseq/results/gather_results/RVSeqPlate5-m2/sample_m2-Qb4JVo/m2-Qb4JVo_consensus_upload.gz,8,/data/revseq/metagenomics_integration_proof-of-concept/results/results/RVSeqPlate5/Qb4JVo/merge_regions/Qb4JVo.bed
m2-g33df2,/data/revseq/results/gather_results/RVSeqPlate5-m2/sample_m2-g33df2/m2-g33df2_consensus_upload.gz,8,/data/revseq/metagenomics_integration_proof-of-concept/results/results/RVSeqPlate5/g33df2/merge_regions/g33df2.bed
m2-kBgpZ4,/data/revseq/results/gather_results/RVSeqPlate5-m2/sample_m2-kBgpZ4/m2-kBgpZ4_consensus_upload.gz,8,/data/revseq/metagenomics_integration_proof-of-concept/results/results/RVSeqPlate5/kBgpZ4/merge_regions/kBgpZ4.bed
m2-V5iihT,/data/revseq/results/gather_results/RVSeqPlate5-m2/sample_m2-V5iihT/m2-V5iihT_consensus_upload.gz,8,/data/revseq/metagenomics_integration_proof-of-concept/results/results/RVSeqPlate5/V5iihT/merge_regions/V5iihT.bed
m2-SQZYHn,/data/revseq/results/gather_results/RVSeqPlate5-m2/sample_m2-SQZYHn/m2-SQZYHn_consensus_upload.gz,8,/data/revseq/metagenomics_integration_proof-of-concept/results/results/RVSeqPlate5/SQZYHn/merge_regions/SQZYHn.bed
m2-MHWQwo,/data/revseq/results/gather_results/RVSeqPlate5-m2/sample_m2-MHWQwo/m2-MHWQwo_consensus_upload.gz,8,/data/revseq/metagenomics_integration_proof-of-concept/results/results/RVSeqPlate5/MHWQwo/merge_regions/MHWQwo.bed
m2-FHPnrx,/data/revseq/results/gather_results/RVSeqPlate5-m2/sample_m2-FHPnrx/m2-FHPnrx_consensus_upload.gz,8,/data/revseq/metagenomics_integration_proof-of-concept/results/results/RVSeqPlate5/FHPnrx/merge_regions/FHPnrx.bed
m2-VA9Yi5,/data/revseq/results/gather_results/RVSeqPlate5-m2/sample_m2-VA9Yi5/m2-VA9Yi5_consensus_upload.gz,8,/data/revseq/metagenomics_integration_proof-of-concept/results/results/RVSeqPlate5/VA9Yi5/merge_regions/VA9Yi5.bed
m2-PGaVE8,/data/revseq/results/gather_results/RVSeqPlate5-m2/sample_m2-PGaVE8/m2-PGaVE8_consensus_upload.gz,8,/data/revseq/metagenomics_integration_proof-of-concept/results/results/RVSeqPlate5/PGaVE8/merge_regions/PGaVE8.bed
m2-x6NRYc,/data/revseq/results/gather_results/RVSeqPlate5-m2/sample_m2-x6NRYc/m2-x6NRYc_consensus_upload.gz,8,/data/revseq/metagenomics_integration_proof-of-concept/results/results/RVSeqPlate5/x6NRYc/merge_regions/x6NRYc.bed
m2-NMp4NB,/data/revseq/results/gather_results/RVSeqPlate5-m2/sample_m2-NMp4NB/m2-NMp4NB_consensus_upload.gz,7,/data/revseq/metagenomics_integration_proof-of-concept/results/results/RVSeqPlate5/NMp4NB/merge_regions/NMp4NB.bed
m2-oLXZ9a,/data/revseq/results/gather_results/RVSeqPlate5-m2/sample_m2-oLXZ9a/m2-oLXZ9a_consensus_upload.gz,8,/data/revseq/metagenomics_integration_proof-of-concept/results/results/RVSeqPlate5/oLXZ9a/merge_regions/oLXZ9a.bed
m2-ydSpNQ,/data/revseq/results/gather_results/RVSeqPlate5-m2/sample_m2-ydSpNQ/m2-ydSpNQ_consensus_upload.gz,8,/data/revseq/metagenomics_integration_proof-of-concept/results/results/RVSeqPlate5/ydSpNQ/merge_regions/ydSpNQ.bed
m2-e3y7tj,/data/revseq/results/gather_results/RVSeqPlate5-m2/sample_m2-e3y7tj/m2-e3y7tj_consensus_upload.gz,1,/data/revseq/metagenomics_integration_proof-of-concept/results/results/RVSeqPlate5/e3y7tj/merge_regions/e3y7tj.bed
m2-DwiwwU,/data/revseq/results/gather_results/RVSeqPlate5-m2/sample_m2-DwiwwU/m2-DwiwwU_consensus_upload.gz,8,/data/revseq/metagenomics_integration_proof-of-concept/results/results/RVSeqPlate5/DwiwwU/merge_regions/DwiwwU.bed
m2-39kc9U,/data/revseq/results/gather_results/RVSeqPlate5-m2/sample_m2-39kc9U/m2-39kc9U_consensus_upload.gz,8,/data/revseq/metagenomics_integration_proof-of-concept/results/results/RVSeqPlate5/39kc9U/merge_regions/39kc9U.bed
m2-4rvG7f,/data/revseq/results/gather_results/RVSeqPlate5-m2/sample_m2-4rvG7f/m2-4rvG7f_consensus_upload.gz,8,/data/revseq/metagenomics_integration_proof-of-concept/results/results/RVSeqPlate5/4rvG7f/merge_regions/4rvG7f.bed
m2-9HhvMh,/data/revseq/results/gather_results/RVSeqPlate5-m2/sample_m2-9HhvMh/m2-9HhvMh_consensus_upload.gz,8,/data/revseq/metagenomics_integration_proof-of-concept/results/results/RVSeqPlate5/9HhvMh/merge_regions/9HhvMh.bed
m2-eAr6Lo,/data/revseq/results/gather_results/RVSeqPlate5-m2/sample_m2-eAr6Lo/m2-eAr6Lo_consensus_upload.gz,8,/data/revseq/metagenomics_integration_proof-of-concept/results/results/RVSeqPlate5/eAr6Lo/merge_regions/eAr6Lo.bed
m2-t9UZtV,/data/revseq/results/gather_results/RVSeqPlate5-m2/sample_m2-t9UZtV/m2-t9UZtV_consensus_upload.gz,1,/data/revseq/metagenomics_integration_proof-of-concept/results/results/RVSeqPlate5/t9UZtV/merge_regions/t9UZtV.bed
m2-oUT7WT,/data/revseq/results/gather_results/RVSeqPlate5-m2/sample_m2-oUT7WT/m2-oUT7WT_consensus_upload.gz,1,/data/revseq/metagenomics_integration_proof-of-concept/results/results/RVSeqPlate5/oUT7WT/merge_regions/oUT7WT.bed
m2-xMNGcb,/data/revseq/results/gather_results/RVSeqPlate5-m2/sample_m2-xMNGcb/m2-xMNGcb_consensus_upload.gz,1,/data/revseq/metagenomics_integration_proof-of-concept/results/results/RVSeqPlate5/xMNGcb/merge_regions/xMNGcb.bed
m2-YRBBfu,/data/revseq/results/gather_results/RVSeqPlate5-m2/sample_m2-YRBBfu/m2-YRBBfu_consensus_upload.gz,1,/data/revseq/metagenomics_integration_proof-of-concept/results/results/RVSeqPlate5/YRBBfu/merge_regions/YRBBfu.bed
m2-i5wLSU,/data/revseq/results/gather_results/RVSeqPlate5-m2/sample_m2-i5wLSU/m2-i5wLSU_consensus_upload.gz,1,/data/revseq/metagenomics_integration_proof-of-concept/results/results/RVSeqPlate5/i5wLSU/merge_regions/i5wLSU.bed
m2-MvvBk9,/data/revseq/results/gather_results/RVSeqPlate5-m2/sample_m2-MvvBk9/m2-MvvBk9_consensus_upload.gz,1,/data/revseq/metagenomics_integration_proof-of-concept/results/results/RVSeqPlate5/MvvBk9/merge_regions/MvvBk9.bed
m2-cyCNuA,/data/revseq/results/gather_results/RVSeqPlate5-m2/sample_m2-cyCNuA/m2-cyCNuA_consensus_upload.gz,1,/data/revseq/metagenomics_integration_proof-of-concept/results/results/RVSeqPlate5/cyCNuA/merge_regions/cyCNuA.bed
m2-QEotEA,/data/revseq/results/gather_results/RVSeqPlate5-m2/sample_m2-QEotEA/m2-QEotEA_consensus_upload.gz,1,/data/revseq/metagenomics_integration_proof-of-concept/results/results/RVSeqPlate5/QEotEA/merge_regions/QEotEA.bed
m2-3VC6ft,/data/revseq/results/gather_results/RVSeqPlate6-m2/sample_m2-3VC6ft/m2-3VC6ft_consensus_upload.gz,8,/data/revseq/metagenomics_integration_proof-of-concept/results/results/RVSeqPlate6/3VC6ft/merge_regions/3VC6ft.bed
m2-sr4bvM,/data/revseq/results/gather_results/RVSeqPlate6-m2/sample_m2-sr4bvM/m2-sr4bvM_consensus_upload.gz,8,/data/revseq/metagenomics_integration_proof-of-concept/results/results/RVSeqPlate6/sr4bvM/merge_regions/sr4bvM.bed
m2-rhiSHJ,/data/revseq/results/gather_results/RVSeqPlate6-m2/sample_m2-rhiSHJ/m2-rhiSHJ_consensus_upload.gz,1,/data/revseq/metagenomics_integration_proof-of-concept/results/results/RVSeqPlate6/rhiSHJ/merge_regions/rhiSHJ.bed
m2-fhoncL,/data/revseq/results/gather_results/RVSeqPlate6-m2/sample_m2-fhoncL/m2-fhoncL_consensus_upload.gz,8,/data/revseq/metagenomics_integration_proof-of-concept/results/results/RVSeqPlate6/fhoncL/merge_regions/fhoncL.bed
m2-BnbHLr,/data/revseq/results/gather_results/RVSeqPlate6-m2/sample_m2-BnbHLr/m2-BnbHLr_consensus_upload.gz,8,/data/revseq/metagenomics_integration_proof-of-concept/results/results/RVSeqPlate6/BnbHLr/merge_regions/BnbHLr.bed
m2-VAEUJ5,/data/revseq/results/gather_results/RVSeqPlate6-m2/sample_m2-VAEUJ5/m2-VAEUJ5_consensus_upload.gz,1,/data/revseq/metagenomics_integration_proof-of-concept/results/results/RVSeqPlate6/VAEUJ5/merge_regions/VAEUJ5.bed
m2-ahT4kF,/data/revseq/results/gather_results/RVSeqPlate6-m2/sample_m2-ahT4kF/m2-ahT4kF_consensus_upload.gz,1,/data/revseq/metagenomics_integration_proof-of-concept/results/results/RVSeqPlate6/ahT4kF/merge_regions/ahT4kF.bed
m2-sZ4qK3,/data/revseq/results/gather_results/RVSeqPlate6-m2/sample_m2-sZ4qK3/m2-sZ4qK3_consensus_upload.gz,1,/data/revseq/metagenomics_integration_proof-of-concept/results/results/RVSeqPlate6/sZ4qK3/merge_regions/sZ4qK3.bed
m2-G8vc2N,/data/revseq/results/gather_results/RVSeqPlate6-m2/sample_m2-G8vc2N/m2-G8vc2N_consensus_upload.gz,1,/data/revseq/metagenomics_integration_proof-of-concept/results/results/RVSeqPlate6/G8vc2N/merge_regions/G8vc2N.bed
m2-fafZrX,/data/revseq/results/gather_results/RVSeqPlate6-m2/sample_m2-fafZrX/m2-fafZrX_consensus_upload.gz,8,/data/revseq/metagenomics_integration_proof-of-concept/results/results/RVSeqPlate6/fafZrX/merge_regions/fafZrX.bed
m2-hzNQRG,/data/revseq/results/gather_results/RVSeqPlate6-m2/sample_m2-hzNQRG/m2-hzNQRG_consensus_upload.gz,8,/data/revseq/metagenomics_integration_proof-of-concept/results/results/RVSeqPlate6/hzNQRG/merge_regions/hzNQRG.bed
m2-nf9ieP,/data/revseq/results/gather_results/RVSeqPlate6-m2/sample_m2-nf9ieP/m2-nf9ieP_consensus_upload.gz,1,/data/revseq/metagenomics_integration_proof-of-concept/results/results/RVSeqPlate6/nf9ieP/merge_regions/nf9ieP.bed
m2-Q8Ba9A,/data/revseq/results/gather_results/RVSeqPlate6-m2/sample_m2-Q8Ba9A/m2-Q8Ba9A_consensus_upload.gz,1,/data/revseq/metagenomics_integration_proof-of-concept/results/results/RVSeqPlate6/Q8Ba9A/merge_regions/Q8Ba9A.bed
m2-Rtjhba,/data/revseq/results/gather_results/RVSeqPlate6-m2/sample_m2-Rtjhba/m2-Rtjhba_consensus_upload.gz,8,/data/revseq/metagenomics_integration_proof-of-concept/results/results/RVSeqPlate6/Rtjhba/merge_regions/Rtjhba.bed
m2-LCBdav,/data/revseq/results/gather_results/RVSeqPlate6-m2/sample_m2-LCBdav/m2-LCBdav_consensus_upload.gz,8,/data/revseq/metagenomics_integration_proof-of-concept/results/results/RVSeqPlate6/LCBdav/merge_regions/LCBdav.bed
m2-K2udH5,/data/revseq/results/gather_results/RVSeqPlate6-m2/sample_m2-K2udH5/m2-K2udH5_consensus_upload.gz,8,/data/revseq/metagenomics_integration_proof-of-concept/results/results/RVSeqPlate6/K2udH5/merge_regions/K2udH5.bed
m2-k9vgiw,/data/revseq/results/gather_results/RVSeqPlate6-m2/sample_m2-k9vgiw/m2-k9vgiw_consensus_upload.gz,1,/data/revseq/metagenomics_integration_proof-of-concept/results/results/RVSeqPlate6/k9vgiw/merge_regions/k9vgiw.bed
m2-SpXNmN,/data/revseq/results/gather_results/RVSeqPlate6-m2/sample_m2-SpXNmN/m2-SpXNmN_consensus_upload.gz,8,/data/revseq/metagenomics_integration_proof-of-concept/results/results/RVSeqPlate6/SpXNmN/merge_regions/SpXNmN.bed
m2-4t7Ncr,/data/revseq/results/gather_results/RVSeqPlate6-m2/sample_m2-4t7Ncr/m2-4t7Ncr_consensus_upload.gz,8,/data/revseq/metagenomics_integration_proof-of-concept/results/results/RVSeqPlate6/4t7Ncr/merge_regions/4t7Ncr.bed
m2-dgZP3L,/data/revseq/results/gather_results/RVSeqPlate6-m2/sample_m2-dgZP3L/m2-dgZP3L_consensus_upload.gz,1,/data/revseq/metagenomics_integration_proof-of-concept/results/results/RVSeqPlate6/dgZP3L/merge_regions/dgZP3L.bed
m2-hjq9oe,/data/revseq/results/gather_results/RVSeqPlate6-m2/sample_m2-hjq9oe/m2-hjq9oe_consensus_upload.gz,1,/data/revseq/metagenomics_integration_proof-of-concept/results/results/RVSeqPlate6/hjq9oe/merge_regions/hjq9oe.bed
m2-LosGHn,/data/revseq/results/gather_results/RVSeqPlate6-m2/sample_m2-LosGHn/m2-LosGHn_consensus_upload.gz,8,/data/revseq/metagenomics_integration_proof-of-concept/results/results/RVSeqPlate6/LosGHn/merge_regions/LosGHn.bed
m2-iDqyV9,/data/revseq/results/gather_results/RVSeqPlate6-m2/sample_m2-iDqyV9/m2-iDqyV9_consensus_upload.gz,8,/data/revseq/metagenomics_integration_proof-of-concept/results/results/RVSeqPlate6/iDqyV9/merge_regions/iDqyV9.bed
m2-wnuNvT,/data/revseq/results/gather_results/RVSeqPlate6-m2/sample_m2-wnuNvT/m2-wnuNvT_consensus_upload.gz,7,/data/revseq/metagenomics_integration_proof-of-concept/results/results/RVSeqPlate6/wnuNvT/merge_regions/wnuNvT.bed
m2-KtHTz8,/data/revseq/results/gather_results/RVSeqPlate6-m2/sample_m2-KtHTz8/m2-KtHTz8_consensus_upload.gz,1,/data/revseq/metagenomics_integration_proof-of-concept/results/results/RVSeqPlate6/KtHTz8/merge_regions/KtHTz8.bed
m2-M5iqYC,/data/revseq/results/gather_results/RVSeqPlate6-m2/sample_m2-M5iqYC/m2-M5iqYC_consensus_upload.gz,1,/data/revseq/metagenomics_integration_proof-of-concept/results/results/RVSeqPlate6/M5iqYC/merge_regions/M5iqYC.bed
m2-voFSf6,/data/revseq/results/gather_results/RVSeqPlate6-m2/sample_m2-voFSf6/m2-voFSf6_consensus_upload.gz,8,/data/revseq/metagenomics_integration_proof-of-concept/results/results/RVSeqPlate6/voFSf6/merge_regions/voFSf6.bed
m2-VT3bcF,/data/revseq/results/gather_results/RVSeqPlate6-m2/sample_m2-VT3bcF/m2-VT3bcF_consensus_upload.gz,8,/data/revseq/metagenomics_integration_proof-of-concept/results/results/RVSeqPlate6/VT3bcF/merge_regions/VT3bcF.bed
m2-juVwzj,/data/revseq/results/gather_results/RVSeqPlate6-m2/sample_m2-juVwzj/m2-juVwzj_consensus_upload.gz,8,/data/revseq/metagenomics_integration_proof-of-concept/results/results/RVSeqPlate6/juVwzj/merge_regions/juVwzj.bed
m2-gkcF5C,/data/revseq/results/gather_results/RVSeqPlate6-m2/sample_m2-gkcF5C/m2-gkcF5C_consensus_upload.gz,8,/data/revseq/metagenomics_integration_proof-of-concept/results/results/RVSeqPlate6/gkcF5C/merge_regions/gkcF5C.bed
m2-GmB4Bf,/data/revseq/results/gather_results/RVSeqPlate6-m2/sample_m2-GmB4Bf/m2-GmB4Bf_consensus_upload.gz,1,/data/revseq/metagenomics_integration_proof-of-concept/results/results/RVSeqPlate6/GmB4Bf/merge_regions/GmB4Bf.bed
m2-mmYEfJ,/data/revseq/results/gather_results/RVSeqPlate6-m2/sample_m2-mmYEfJ/m2-mmYEfJ_consensus_upload.gz,8,/data/revseq/metagenomics_integration_proof-of-concept/results/results/RVSeqPlate6/mmYEfJ/merge_regions/mmYEfJ.bed
m2-QRRsiL,/data/revseq/results/gather_results/RVSeqPlate6-m2/sample_m2-QRRsiL/m2-QRRsiL_consensus_upload.gz,1,/data/revseq/metagenomics_integration_proof-of-concept/results/results/RVSeqPlate6/QRRsiL/merge_regions/QRRsiL.bed
m2-T5VXtD,/data/revseq/results/gather_results/RVSeqPlate6-m2/sample_m2-T5VXtD/m2-T5VXtD_consensus_upload.gz,1,/data/revseq/metagenomics_integration_proof-of-concept/results/results/RVSeqPlate6/T5VXtD/merge_regions/T5VXtD.bed
m2-h2ZJd5,/data/revseq/results/gather_results/RVSeqPlate6-m2/sample_m2-h2ZJd5/m2-h2ZJd5_consensus_upload.gz,8,/data/revseq/metagenomics_integration_proof-of-concept/results/results/RVSeqPlate6/h2ZJd5/merge_regions/h2ZJd5.bed
m2-uTpHe5,/data/revseq/results/gather_results/RVSeqPlate6-m2/sample_m2-uTpHe5/m2-uTpHe5_consensus_upload.gz,8,/data/revseq/metagenomics_integration_proof-of-concept/results/results/RVSeqPlate6/uTpHe5/merge_regions/uTpHe5.bed
m2-FAvEvi,/data/revseq/results/gather_results/RVSeqPlate6-m2/sample_m2-FAvEvi/m2-FAvEvi_consensus_upload.gz,1,/data/revseq/metagenomics_integration_proof-of-concept/results/results/RVSeqPlate6/FAvEvi/merge_regions/FAvEvi.bed
m2-3H4uLZ,/data/revseq/results/gather_results/RVSeqPlate6-m2/sample_m2-3H4uLZ/m2-3H4uLZ_consensus_upload.gz,8,/data/revseq/metagenomics_integration_proof-of-concept/results/results/RVSeqPlate6/3H4uLZ/merge_regions/3H4uLZ.bed
m2-Lq3fms,/data/revseq/results/gather_results/RVSeqPlate6-m2/sample_m2-Lq3fms/m2-Lq3fms_consensus_upload.gz,1,/data/revseq/metagenomics_integration_proof-of-concept/results/results/RVSeqPlate6/Lq3fms/merge_regions/Lq3fms.bed
m2-BP5QSp,/data/revseq/results/gather_results/RVSeqPlate6-m2/sample_m2-BP5QSp/m2-BP5QSp_consensus_upload.gz,1,/data/revseq/metagenomics_integration_proof-of-concept/results/results/RVSeqPlate6/BP5QSp/merge_regions/BP5QSp.bed
m2-7xxDyW,/data/revseq/results/gather_results/RVSeqPlate6-m2/sample_m2-7xxDyW/m2-7xxDyW_consensus_upload.gz,1,/data/revseq/metagenomics_integration_proof-of-concept/results/results/RVSeqPlate6/7xxDyW/merge_regions/7xxDyW.bed
m2-Y4wzR3,/data/revseq/results/gather_results/RVSeqPlate7-m2/sample_m2-Y4wzR3/m2-Y4wzR3_consensus_upload.gz,8,/data/revseq/metagenomics_integration_proof-of-concept/results/results/RVSeqPlate7/Y4wzR3/merge_regions/Y4wzR3.bed
m2-PZQaiq,/data/revseq/results/gather_results/RVSeqPlate7-m2/sample_m2-PZQaiq/m2-PZQaiq_consensus_upload.gz,8,/data/revseq/metagenomics_integration_proof-of-concept/results/results/RVSeqPlate7/PZQaiq/merge_regions/PZQaiq.bed
m2-YB7Zxj,/data/revseq/results/gather_results/RVSeqPlate7-m2/sample_m2-YB7Zxj/m2-YB7Zxj_consensus_upload.gz,1,/data/revseq/metagenomics_integration_proof-of-concept/results/results/RVSeqPlate7/YB7Zxj/merge_regions/YB7Zxj.bed
m2-RCdbJH,/data/revseq/results/gather_results/RVSeqPlate7-m2/sample_m2-RCdbJH/m2-RCdbJH_consensus_upload.gz,1,/data/revseq/metagenomics_integration_proof-of-concept/results/results/RVSeqPlate7/RCdbJH/merge_regions/RCdbJH.bed
m2-yebiMQ,/data/revseq/results/gather_results/RVSeqPlate7-m2/sample_m2-yebiMQ/m2-yebiMQ_consensus_upload.gz,1,/data/revseq/metagenomics_integration_proof-of-concept/results/results/RVSeqPlate7/yebiMQ/merge_regions/yebiMQ.bed
m2-gF3E5u,/data/revseq/results/gather_results/RVSeqPlate7-m2/sample_m2-gF3E5u/m2-gF3E5u_consensus_upload.gz,8,/data/revseq/metagenomics_integration_proof-of-concept/results/results/RVSeqPlate7/gF3E5u/merge_regions/gF3E5u.bed
m2-sVxWai,/data/revseq/results/gather_results/RVSeqPlate7-m2/sample_m2-sVxWai/m2-sVxWai_consensus_upload.gz,1,/data/revseq/metagenomics_integration_proof-of-concept/results/results/RVSeqPlate7/sVxWai/merge_regions/sVxWai.bed
m2-hHKDyB,/data/revseq/results/gather_results/RVSeqPlate7-m2/sample_m2-hHKDyB/m2-hHKDyB_consensus_upload.gz,1,/data/revseq/metagenomics_integration_proof-of-concept/results/results/RVSeqPlate7/hHKDyB/merge_regions/hHKDyB.bed
m2-GbMzJy,/data/revseq/results/gather_results/RVSeqPlate7-m2/sample_m2-GbMzJy/m2-GbMzJy_consensus_upload.gz,1,/data/revseq/metagenomics_integration_proof-of-concept/results/results/RVSeqPlate7/GbMzJy/merge_regions/GbMzJy.bed
m2-tDscqy,/data/revseq/results/gather_results/RVSeqPlate7-m2/sample_m2-tDscqy/m2-tDscqy_consensus_upload.gz,8,/data/revseq/metagenomics_integration_proof-of-concept/results/results/RVSeqPlate7/tDscqy/merge_regions/tDscqy.bed
m2-C983Zw,/data/revseq/results/gather_results/RVSeqPlate7-m2/sample_m2-C983Zw/m2-C983Zw_consensus_upload.gz,8,/data/revseq/metagenomics_integration_proof-of-concept/results/results/RVSeqPlate7/C983Zw/merge_regions/C983Zw.bed
m2-pdN7uy,/data/revseq/results/gather_results/RVSeqPlate7-m2/sample_m2-pdN7uy/m2-pdN7uy_consensus_upload.gz,1,/data/revseq/metagenomics_integration_proof-of-concept/results/results/RVSeqPlate7/pdN7uy/merge_regions/pdN7uy.bed
m2-YBrMoY,/data/revseq/results/gather_results/RVSeqPlate7-m2/sample_m2-YBrMoY/m2-YBrMoY_consensus_upload.gz,8,/data/revseq/metagenomics_integration_proof-of-concept/results/results/RVSeqPlate7/YBrMoY/merge_regions/YBrMoY.bed
m2-gsuEGK,/data/revseq/results/gather_results/RVSeqPlate7-m2/sample_m2-gsuEGK/m2-gsuEGK_consensus_upload.gz,8,/data/revseq/metagenomics_integration_proof-of-concept/results/results/RVSeqPlate7/gsuEGK/merge_regions/gsuEGK.bed
m2-gyUNUP,/data/revseq/results/gather_results/RVSeqPlate7-m2/sample_m2-gyUNUP/m2-gyUNUP_consensus_upload.gz,8,/data/revseq/metagenomics_integration_proof-of-concept/results/results/RVSeqPlate7/gyUNUP/merge_regions/gyUNUP.bed
m2-hPpCR3,/data/revseq/results/gather_results/RVSeqPlate7-m2/sample_m2-hPpCR3/m2-hPpCR3_consensus_upload.gz,8,/data/revseq/metagenomics_integration_proof-of-concept/results/results/RVSeqPlate7/hPpCR3/merge_regions/hPpCR3.bed
m2-qEvaf6,/data/revseq/results/gather_results/RVSeqPlate7-m2/sample_m2-qEvaf6/m2-qEvaf6_consensus_upload.gz,7,/data/revseq/metagenomics_integration_proof-of-concept/results/results/RVSeqPlate7/qEvaf6/merge_regions/qEvaf6.bed
m2-HtiJwT,/data/revseq/results/gather_results/RVSeqPlate7-m2/sample_m2-HtiJwT/m2-HtiJwT_consensus_upload.gz,8,/data/revseq/metagenomics_integration_proof-of-concept/results/results/RVSeqPlate7/HtiJwT/merge_regions/HtiJwT.bed
m2-hYvKaP,/data/revseq/results/gather_results/RVSeqPlate7-m2/sample_m2-hYvKaP/m2-hYvKaP_consensus_upload.gz,7,/data/revseq/metagenomics_integration_proof-of-concept/results/results/RVSeqPlate7/hYvKaP/merge_regions/hYvKaP.bed
m2-kNU7js,/data/revseq/results/gather_results/RVSeqPlate7-m2/sample_m2-kNU7js/m2-kNU7js_consensus_upload.gz,8,/data/revseq/metagenomics_integration_proof-of-concept/results/results/RVSeqPlate7/kNU7js/merge_regions/kNU7js.bed
m2-phtHeq,/data/revseq/results/gather_results/RVSeqPlate7-m2/sample_m2-phtHeq/m2-phtHeq_consensus_upload.gz,8,/data/revseq/metagenomics_integration_proof-of-concept/results/results/RVSeqPlate7/phtHeq/merge_regions/phtHeq.bed
m2-jHbrsp,/data/revseq/results/gather_results/RVSeqPlate7-m2/sample_m2-jHbrsp/m2-jHbrsp_consensus_upload.gz,8,/data/revseq/metagenomics_integration_proof-of-concept/results/results/RVSeqPlate7/jHbrsp/merge_regions/jHbrsp.bed
m2-JFKsEJ,/data/revseq/results/gather_results/RVSeqPlate7-m2/sample_m2-JFKsEJ/m2-JFKsEJ_consensus_upload.gz,8,/data/revseq/metagenomics_integration_proof-of-concept/results/results/RVSeqPlate7/JFKsEJ/merge_regions/JFKsEJ.bed
m2-Qf8cLC,/data/revseq/results/gather_results/RVSeqPlate7-m2/sample_m2-Qf8cLC/m2-Qf8cLC_consensus_upload.gz,1,/data/revseq/metagenomics_integration_proof-of-concept/results/results/RVSeqPlate7/Qf8cLC/merge_regions/Qf8cLC.bed
m2-QqAEGg,/data/revseq/results/gather_results/RVSeqPlate7-m2/sample_m2-QqAEGg/m2-QqAEGg_consensus_upload.gz,8,/data/revseq/metagenomics_integration_proof-of-concept/results/results/RVSeqPlate7/QqAEGg/merge_regions/QqAEGg.bed
m2-XMdsys,/data/revseq/results/gather_results/RVSeqPlate7-m2/sample_m2-XMdsys/m2-XMdsys_consensus_upload.gz,8,/data/revseq/metagenomics_integration_proof-of-concept/results/results/RVSeqPlate7/XMdsys/merge_regions/XMdsys.bed
m2-SrvHnQ,/data/revseq/results/gather_results/RVSeqPlate7-m2/sample_m2-SrvHnQ/m2-SrvHnQ_consensus_upload.gz,1,/data/revseq/metagenomics_integration_proof-of-concept/results/results/RVSeqPlate7/SrvHnQ/merge_regions/SrvHnQ.bed
m2-xw6CDX,/data/revseq/results/gather_results/RVSeqPlate7-m2/sample_m2-xw6CDX/m2-xw6CDX_consensus_upload.gz,7,/data/revseq/metagenomics_integration_proof-of-concept/results/results/RVSeqPlate7/xw6CDX/merge_regions/xw6CDX.bed
m2-YowhiU,/data/revseq/results/gather_results/RVSeqPlate7-m2/sample_m2-YowhiU/m2-YowhiU_consensus_upload.gz,8,/data/revseq/metagenomics_integration_proof-of-concept/results/results/RVSeqPlate7/YowhiU/merge_regions/YowhiU.bed
m2-YYRzxL,/data/revseq/results/gather_results/RVSeqPlate7-m2/sample_m2-YYRzxL/m2-YYRzxL_consensus_upload.gz,8,/data/revseq/metagenomics_integration_proof-of-concept/results/results/RVSeqPlate7/YYRzxL/merge_regions/YYRzxL.bed
m2-hozdkG,/data/revseq/results/gather_results/RVSeqPlate7-m2/sample_m2-hozdkG/m2-hozdkG_consensus_upload.gz,8,/data/revseq/metagenomics_integration_proof-of-concept/results/results/RVSeqPlate7/hozdkG/merge_regions/hozdkG.bed
m2-2b8YpQ,/data/revseq/results/gather_results/RVSeqPlate7-m2/sample_m2-2b8YpQ/m2-2b8YpQ_consensus_upload.gz,8,/data/revseq/metagenomics_integration_proof-of-concept/results/results/RVSeqPlate7/2b8YpQ/merge_regions/2b8YpQ.bed
m2-5pS65p,/data/revseq/results/gather_results/RVSeqPlate7-m2/sample_m2-5pS65p/m2-5pS65p_consensus_upload.gz,1,/data/revseq/metagenomics_integration_proof-of-concept/results/results/RVSeqPlate7/5pS65p/merge_regions/5pS65p.bed
m2-DgRuyg,/data/revseq/results/gather_results/RVSeqPlate7-m2/sample_m2-DgRuyg/m2-DgRuyg_consensus_upload.gz,8,/data/revseq/metagenomics_integration_proof-of-concept/results/results/RVSeqPlate7/DgRuyg/merge_regions/DgRuyg.bed
m2-G86emu,/data/revseq/results/gather_results/RVSeqPlate7-m2/sample_m2-G86emu/m2-G86emu_consensus_upload.gz,1,/data/revseq/metagenomics_integration_proof-of-concept/results/results/RVSeqPlate7/G86emu/merge_regions/G86emu.bed
m2-PGoRgN,/data/revseq/results/gather_results/RVSeqPlate7-m2/sample_m2-PGoRgN/m2-PGoRgN_consensus_upload.gz,8,/data/revseq/metagenomics_integration_proof-of-concept/results/results/RVSeqPlate7/PGoRgN/merge_regions/PGoRgN.bed
m2-8JqGbD,/data/revseq/results/gather_results/RVSeqPlate7-m2/sample_m2-8JqGbD/m2-8JqGbD_consensus_upload.gz,1,/data/revseq/metagenomics_integration_proof-of-concept/results/results/RVSeqPlate7/8JqGbD/merge_regions/8JqGbD.bed
m2-AcEG8S,/data/revseq/results/gather_results/RVSeqPlate7-m2/sample_m2-AcEG8S/m2-AcEG8S_consensus_upload.gz,8,/data/revseq/metagenomics_integration_proof-of-concept/results/results/RVSeqPlate7/AcEG8S/merge_regions/AcEG8S.bed
m2-c4imMZ,/data/revseq/results/gather_results/RVSeqPlate7-m2/sample_m2-c4imMZ/m2-c4imMZ_consensus_upload.gz,1,/data/revseq/metagenomics_integration_proof-of-concept/results/results/RVSeqPlate7/c4imMZ/merge_regions/c4imMZ.bed
m2-DMLKnU,/data/revseq/results/gather_results/RVSeqPlate7-m2/sample_m2-DMLKnU/m2-DMLKnU_consensus_upload.gz,8,/data/revseq/metagenomics_integration_proof-of-concept/results/results/RVSeqPlate7/DMLKnU/merge_regions/DMLKnU.bed
m2-yLHwrL,/data/revseq/results/gather_results/RVSeqPlate7-m2/sample_m2-yLHwrL/m2-yLHwrL_consensus_upload.gz,1,/data/revseq/metagenomics_integration_proof-of-concept/results/results/RVSeqPlate7/yLHwrL/merge_regions/yLHwrL.bed
m2-MQhF9c,/data/revseq/results/gather_results/RVSeqPlate7-m2/sample_m2-MQhF9c/m2-MQhF9c_consensus_upload.gz,1,/data/revseq/metagenomics_integration_proof-of-concept/results/results/RVSeqPlate7/MQhF9c/merge_regions/MQhF9c.bed
m2-AnXy9n,/data/revseq/results/gather_results/RVSeqPlate7-m2/sample_m2-AnXy9n/m2-AnXy9n_consensus_upload.gz,1,/data/revseq/metagenomics_integration_proof-of-concept/results/results/RVSeqPlate7/AnXy9n/merge_regions/AnXy9n.bed
m2-os283P,/data/revseq/results/gather_results/RVSeqPlate7-m2/sample_m2-os283P/m2-os283P_consensus_upload.gz,8,/data/revseq/metagenomics_integration_proof-of-concept/results/results/RVSeqPlate7/os283P/merge_regions/os283P.bed
m2-XP6vJf,/data/revseq/results/gather_results/RVSeqPlate7-m2/sample_m2-XP6vJf/m2-XP6vJf_consensus_upload.gz,1,/data/revseq/metagenomics_integration_proof-of-concept/results/results/RVSeqPlate7/XP6vJf/merge_regions/XP6vJf.bed
m2-NESNdH,/data/revseq/results/gather_results/RVSeqPlate8-m2/sample_m2-NESNdH/m2-NESNdH_consensus_upload.gz,8,/data/revseq/metagenomics_integration_proof-of-concept/results/results/RVSeqPlate8/NESNdH/merge_regions/NESNdH.bed
m2-f6biAx,/data/revseq/results/gather_results/RVSeqPlate8-m2/sample_m2-f6biAx/m2-f6biAx_consensus_upload.gz,1,/data/revseq/metagenomics_integration_proof-of-concept/results/results/RVSeqPlate8/f6biAx/merge_regions/f6biAx.bed
m2-b99ooj,/data/revseq/results/gather_results/RVSeqPlate8-m2/sample_m2-b99ooj/m2-b99ooj_consensus_upload.gz,8,/data/revseq/metagenomics_integration_proof-of-concept/results/results/RVSeqPlate8/b99ooj/merge_regions/b99ooj.bed
m2-CgiSAY,/data/revseq/results/gather_results/RVSeqPlate8-m2/sample_m2-CgiSAY/m2-CgiSAY_consensus_upload.gz,1,/data/revseq/metagenomics_integration_proof-of-concept/results/results/RVSeqPlate8/CgiSAY/merge_regions/CgiSAY.bed
m2-j3ZXpL,/data/revseq/results/gather_results/RVSeqPlate8-m2/sample_m2-j3ZXpL/m2-j3ZXpL_consensus_upload.gz,8,/data/revseq/metagenomics_integration_proof-of-concept/results/results/RVSeqPlate8/j3ZXpL/merge_regions/j3ZXpL.bed
m2-DkAxP2,/data/revseq/results/gather_results/RVSeqPlate8-m2/sample_m2-DkAxP2/m2-DkAxP2_consensus_upload.gz,7,/data/revseq/metagenomics_integration_proof-of-concept/results/results/RVSeqPlate8/DkAxP2/merge_regions/DkAxP2.bed
m2-FXFt6J,/data/revseq/results/gather_results/RVSeqPlate8-m2/sample_m2-FXFt6J/m2-FXFt6J_consensus_upload.gz,8,/data/revseq/metagenomics_integration_proof-of-concept/results/results/RVSeqPlate8/FXFt6J/merge_regions/FXFt6J.bed
m2-LYceeY,/data/revseq/results/gather_results/RVSeqPlate8-m2/sample_m2-LYceeY/m2-LYceeY_consensus_upload.gz,8,/data/revseq/metagenomics_integration_proof-of-concept/results/results/RVSeqPlate8/LYceeY/merge_regions/LYceeY.bed
m2-wF4k2T,/data/revseq/results/gather_results/RVSeqPlate8-m2/sample_m2-wF4k2T/m2-wF4k2T_consensus_upload.gz,1,/data/revseq/metagenomics_integration_proof-of-concept/results/results/RVSeqPlate8/wF4k2T/merge_regions/wF4k2T.bed
m2-RVmPKr,/data/revseq/results/gather_results/RVSeqPlate8-m2/sample_m2-RVmPKr/m2-RVmPKr_consensus_upload.gz,1,/data/revseq/metagenomics_integration_proof-of-concept/results/results/RVSeqPlate8/RVmPKr/merge_regions/RVmPKr.bed
m2-WrGEQp,/data/revseq/results/gather_results/RVSeqPlate8-m2/sample_m2-WrGEQp/m2-WrGEQp_consensus_upload.gz,8,/data/revseq/metagenomics_integration_proof-of-concept/results/results/RVSeqPlate8/WrGEQp/merge_regions/WrGEQp.bed
m2-FcN3wC,/data/revseq/results/gather_results/RVSeqPlate8-m2/sample_m2-FcN3wC/m2-FcN3wC_consensus_upload.gz,1,/data/revseq/metagenomics_integration_proof-of-concept/results/results/RVSeqPlate8/FcN3wC/merge_regions/FcN3wC.bed
m2-ND22rx,/data/revseq/results/gather_results/RVSeqPlate8-m2/sample_m2-ND22rx/m2-ND22rx_consensus_upload.gz,1,/data/revseq/metagenomics_integration_proof-of-concept/results/results/RVSeqPlate8/ND22rx/merge_regions/ND22rx.bed
m2-boLTAg,/data/revseq/results/gather_results/RVSeqPlate8-m2/sample_m2-boLTAg/m2-boLTAg_consensus_upload.gz,1,/data/revseq/metagenomics_integration_proof-of-concept/results/results/RVSeqPlate8/boLTAg/merge_regions/boLTAg.bed
m2-TPsF65,/data/revseq/results/gather_results/RVSeqPlate8-m2/sample_m2-TPsF65/m2-TPsF65_consensus_upload.gz,8,/data/revseq/metagenomics_integration_proof-of-concept/results/results/RVSeqPlate8/TPsF65/merge_regions/TPsF65.bed
m2-zhrVRY,/data/revseq/results/gather_results/RVSeqPlate8-m2/sample_m2-zhrVRY/m2-zhrVRY_consensus_upload.gz,1,/data/revseq/metagenomics_integration_proof-of-concept/results/results/RVSeqPlate8/zhrVRY/merge_regions/zhrVRY.bed
m2-f8rfBe,/data/revseq/results/gather_results/RVSeqPlate8-m2/sample_m2-f8rfBe/m2-f8rfBe_consensus_upload.gz,8,/data/revseq/metagenomics_integration_proof-of-concept/results/results/RVSeqPlate8/f8rfBe/merge_regions/f8rfBe.bed
m2-yhE88h,/data/revseq/results/gather_results/RVSeqPlate8-m2/sample_m2-yhE88h/m2-yhE88h_consensus_upload.gz,8,/data/revseq/metagenomics_integration_proof-of-concept/results/results/RVSeqPlate8/yhE88h/merge_regions/yhE88h.bed
m2-gaQkyT,/data/revseq/results/gather_results/RVSeqPlate8-m2/sample_m2-gaQkyT/m2-gaQkyT_consensus_upload.gz,8,/data/revseq/metagenomics_integration_proof-of-concept/results/results/RVSeqPlate8/gaQkyT/merge_regions/gaQkyT.bed
m2-QPbjvy,/data/revseq/results/gather_results/RVSeqPlate8-m2/sample_m2-QPbjvy/m2-QPbjvy_consensus_upload.gz,1,/data/revseq/metagenomics_integration_proof-of-concept/results/results/RVSeqPlate8/QPbjvy/merge_regions/QPbjvy.bed
m2-pzbDPq,/data/revseq/results/gather_results/RVSeqPlate8-m2/sample_m2-pzbDPq/m2-pzbDPq_consensus_upload.gz,1,/data/revseq/metagenomics_integration_proof-of-concept/results/results/RVSeqPlate8/pzbDPq/merge_regions/pzbDPq.bed
m2-FPVUGC,/data/revseq/results/gather_results/RVSeqPlate8-m2/sample_m2-FPVUGC/m2-FPVUGC_consensus_upload.gz,8,/data/revseq/metagenomics_integration_proof-of-concept/results/results/RVSeqPlate8/FPVUGC/merge_regions/FPVUGC.bed
m2-uSTYZ2,/data/revseq/results/gather_results/RVSeqPlate8-m2/sample_m2-uSTYZ2/m2-uSTYZ2_consensus_upload.gz,8,/data/revseq/metagenomics_integration_proof-of-concept/results/results/RVSeqPlate8/uSTYZ2/merge_regions/uSTYZ2.bed
m2-Di2qm7,/data/revseq/results/gather_results/RVSeqPlate8-m2/sample_m2-Di2qm7/m2-Di2qm7_consensus_upload.gz,1,/data/revseq/metagenomics_integration_proof-of-concept/results/results/RVSeqPlate8/Di2qm7/merge_regions/Di2qm7.bed
m2-sAyJww,/data/revseq/results/gather_results/RVSeqPlate8-m2/sample_m2-sAyJww/m2-sAyJww_consensus_upload.gz,8,/data/revseq/metagenomics_integration_proof-of-concept/results/results/RVSeqPlate8/sAyJww/merge_regions/sAyJww.bed
m2-RnGqmM,/data/revseq/results/gather_results/RVSeqPlate8-m2/sample_m2-RnGqmM/m2-RnGqmM_consensus_upload.gz,7,/data/revseq/metagenomics_integration_proof-of-concept/results/results/RVSeqPlate8/RnGqmM/merge_regions/RnGqmM.bed
m2-2hKeW2,/data/revseq/results/gather_results/RVSeqPlate8-m2/sample_m2-2hKeW2/m2-2hKeW2_consensus_upload.gz,8,/data/revseq/metagenomics_integration_proof-of-concept/results/results/RVSeqPlate8/2hKeW2/merge_regions/2hKeW2.bed
m2-4Q8Stt,/data/revseq/results/gather_results/RVSeqPlate8-m2/sample_m2-4Q8Stt/m2-4Q8Stt_consensus_upload.gz,8,/data/revseq/metagenomics_integration_proof-of-concept/results/results/RVSeqPlate8/4Q8Stt/merge_regions/4Q8Stt.bed
m2-7oH73S,/data/revseq/results/gather_results/RVSeqPlate8-m2/sample_m2-7oH73S/m2-7oH73S_consensus_upload.gz,1,/data/revseq/metagenomics_integration_proof-of-concept/results/results/RVSeqPlate8/7oH73S/merge_regions/7oH73S.bed
m2-afGSAT,/data/revseq/results/gather_results/RVSeqPlate8-m2/sample_m2-afGSAT/m2-afGSAT_consensus_upload.gz,1,/data/revseq/metagenomics_integration_proof-of-concept/results/results/RVSeqPlate8/afGSAT/merge_regions/afGSAT.bed
m2-BbET5x,/data/revseq/results/gather_results/RVSeqPlate8-m2/sample_m2-BbET5x/m2-BbET5x_consensus_upload.gz,8,/data/revseq/metagenomics_integration_proof-of-concept/results/results/RVSeqPlate8/BbET5x/merge_regions/BbET5x.bed
m2-BYjiah,/data/revseq/results/gather_results/RVSeqPlate8-m2/sample_m2-BYjiah/m2-BYjiah_consensus_upload.gz,1,/data/revseq/metagenomics_integration_proof-of-concept/results/results/RVSeqPlate8/BYjiah/merge_regions/BYjiah.bed
m2-DBKZHX,/data/revseq/results/gather_results/RVSeqPlate8-m2/sample_m2-DBKZHX/m2-DBKZHX_consensus_upload.gz,1,/data/revseq/metagenomics_integration_proof-of-concept/results/results/RVSeqPlate8/DBKZHX/merge_regions/DBKZHX.bed
m2-jwkH9W,/data/revseq/results/gather_results/RVSeqPlate8-m2/sample_m2-jwkH9W/m2-jwkH9W_consensus_upload.gz,1,/data/revseq/metagenomics_integration_proof-of-concept/results/results/RVSeqPlate8/jwkH9W/merge_regions/jwkH9W.bed
m2-ZNTJLD,/data/revseq/results/gather_results/RVSeqPlate8-m2/sample_m2-ZNTJLD/m2-ZNTJLD_consensus_upload.gz,1,/data/revseq/metagenomics_integration_proof-of-concept/results/results/RVSeqPlate8/ZNTJLD/merge_regions/ZNTJLD.bed
m2-6qaV6z,/data/revseq/results/gather_results/RVSeqPlate8-m2/sample_m2-6qaV6z/m2-6qaV6z_consensus_upload.gz,1,/data/revseq/metagenomics_integration_proof-of-concept/results/results/RVSeqPlate8/6qaV6z/merge_regions/6qaV6z.bed
m2-5YkKkJ,/data/revseq/results/gather_results/RVSeqPlate8-m2/sample_m2-5YkKkJ/m2-5YkKkJ_consensus_upload.gz,1,/data/revseq/metagenomics_integration_proof-of-concept/results/results/RVSeqPlate8/5YkKkJ/merge_regions/5YkKkJ.bed
m2-WydUVb,/data/revseq/results/gather_results/RVSeqPlate9-m2/sample_m2-WydUVb/m2-WydUVb_consensus_upload.gz,1,/data/revseq/metagenomics_integration_proof-of-concept/results/results/RVSeqPlate9/WydUVb/merge_regions/WydUVb.bed
m2-844sRF,/data/revseq/results/gather_results/RVSeqPlate9-m2/sample_m2-844sRF/m2-844sRF_consensus_upload.gz,1,/data/revseq/metagenomics_integration_proof-of-concept/results/results/RVSeqPlate9/844sRF/merge_regions/844sRF.bed
m2-6z2wf2,/data/revseq/results/gather_results/RVSeqPlate9-m2/sample_m2-6z2wf2/m2-6z2wf2_consensus_upload.gz,8,/data/revseq/metagenomics_integration_proof-of-concept/results/results/RVSeqPlate9/6z2wf2/merge_regions/6z2wf2.bed
m2-5cJWyf,/data/revseq/results/gather_results/RVSeqPlate9-m2/sample_m2-5cJWyf/m2-5cJWyf_consensus_upload.gz,8,/data/revseq/metagenomics_integration_proof-of-concept/results/results/RVSeqPlate9/5cJWyf/merge_regions/5cJWyf.bed
m2-Bvnu3e,/data/revseq/results/gather_results/RVSeqPlate9-m2/sample_m2-Bvnu3e/m2-Bvnu3e_consensus_upload.gz,7,/data/revseq/metagenomics_integration_proof-of-concept/results/results/RVSeqPlate9/Bvnu3e/merge_regions/Bvnu3e.bed
m2-cWAMxe,/data/revseq/results/gather_results/RVSeqPlate9-m2/sample_m2-cWAMxe/m2-cWAMxe_consensus_upload.gz,1,/data/revseq/metagenomics_integration_proof-of-concept/results/results/RVSeqPlate9/cWAMxe/merge_regions/cWAMxe.bed
m2-LTGmFn,/data/revseq/results/gather_results/RVSeqPlate9-m2/sample_m2-LTGmFn/m2-LTGmFn_consensus_upload.gz,1,/data/revseq/metagenomics_integration_proof-of-concept/results/results/RVSeqPlate9/LTGmFn/merge_regions/LTGmFn.bed
m2-NqUrMx,/data/revseq/results/gather_results/RVSeqPlate9-m2/sample_m2-NqUrMx/m2-NqUrMx_consensus_upload.gz,1,/data/revseq/metagenomics_integration_proof-of-concept/results/results/RVSeqPlate9/NqUrMx/merge_regions/NqUrMx.bed
m2-dLeBHd,/data/revseq/results/gather_results/RVSeqPlate9-m2/sample_m2-dLeBHd/m2-dLeBHd_consensus_upload.gz,1,/data/revseq/metagenomics_integration_proof-of-concept/results/results/RVSeqPlate9/dLeBHd/merge_regions/dLeBHd.bed
m2-CdyN3k,/data/revseq/results/gather_results/RVSeqPlate9-m2/sample_m2-CdyN3k/m2-CdyN3k_consensus_upload.gz,7,/data/revseq/metagenomics_integration_proof-of-concept/results/results/RVSeqPlate9/CdyN3k/merge_regions/CdyN3k.bed
m2-JiBCDX,/data/revseq/results/gather_results/RVSeqPlate9-m2/sample_m2-JiBCDX/m2-JiBCDX_consensus_upload.gz,1,/data/revseq/metagenomics_integration_proof-of-concept/results/results/RVSeqPlate9/JiBCDX/merge_regions/JiBCDX.bed
m2-LX4eJE,/data/revseq/results/gather_results/RVSeqPlate9-m2/sample_m2-LX4eJE/m2-LX4eJE_consensus_upload.gz,1,/data/revseq/metagenomics_integration_proof-of-concept/results/results/RVSeqPlate9/LX4eJE/merge_regions/LX4eJE.bed
m2-mzGTDC,/data/revseq/results/gather_results/RVSeqPlate9-m2/sample_m2-mzGTDC/m2-mzGTDC_consensus_upload.gz,1,/data/revseq/metagenomics_integration_proof-of-concept/results/results/RVSeqPlate9/mzGTDC/merge_regions/mzGTDC.bed
m2-m5XiUJ,/data/revseq/results/gather_results/RVSeqPlate9-m2/sample_m2-m5XiUJ/m2-m5XiUJ_consensus_upload.gz,1,/data/revseq/metagenomics_integration_proof-of-concept/results/results/RVSeqPlate9/m5XiUJ/merge_regions/m5XiUJ.bed
m2-2MHu4K,/data/revseq/results/gather_results/RVSeqPlate9-m2/sample_m2-2MHu4K/m2-2MHu4K_consensus_upload.gz,1,/data/revseq/metagenomics_integration_proof-of-concept/results/results/RVSeqPlate9/2MHu4K/merge_regions/2MHu4K.bed
m2-iZ7TLc,/data/revseq/results/gather_results/RVSeqPlate9-m2/sample_m2-iZ7TLc/m2-iZ7TLc_consensus_upload.gz,1,/data/revseq/metagenomics_integration_proof-of-concept/results/results/RVSeqPlate9/iZ7TLc/merge_regions/iZ7TLc.bed
m2-gEpiDa,/data/revseq/results/gather_results/RVSeqPlate9-m2/sample_m2-gEpiDa/m2-gEpiDa_consensus_upload.gz,1,/data/revseq/metagenomics_integration_proof-of-concept/results/results/RVSeqPlate9/gEpiDa/merge_regions/gEpiDa.bed
m2-Ki8Aa3,/data/revseq/results/gather_results/RVSeqPlate9-m2/sample_m2-Ki8Aa3/m2-Ki8Aa3_consensus_upload.gz,1,/data/revseq/metagenomics_integration_proof-of-concept/results/results/RVSeqPlate9/Ki8Aa3/merge_regions/Ki8Aa3.bed
m2-sFFUfJ,/data/revseq/results/gather_results/RVSeqPlate9-m2/sample_m2-sFFUfJ/m2-sFFUfJ_consensus_upload.gz,8,/data/revseq/metagenomics_integration_proof-of-concept/results/results/RVSeqPlate9/sFFUfJ/merge_regions/sFFUfJ.bed
m2-TPgies,/data/revseq/results/gather_results/RVSeqPlate9-m2/sample_m2-TPgies/m2-TPgies_consensus_upload.gz,8,/data/revseq/metagenomics_integration_proof-of-concept/results/results/RVSeqPlate9/TPgies/merge_regions/TPgies.bed
m2-U2wv8C,/data/revseq/results/gather_results/RVSeqPlate9-m2/sample_m2-U2wv8C/m2-U2wv8C_consensus_upload.gz,8,/data/revseq/metagenomics_integration_proof-of-concept/results/results/RVSeqPlate9/U2wv8C/merge_regions/U2wv8C.bed
m2-2kH55m,/data/revseq/results/gather_results/RVSeqPlate9-m2/sample_m2-2kH55m/m2-2kH55m_consensus_upload.gz,1,/data/revseq/metagenomics_integration_proof-of-concept/results/results/RVSeqPlate9/2kH55m/merge_regions/2kH55m.bed
m2-MM8MkA,/data/revseq/results/gather_results/RVSeqPlate9-m2/sample_m2-MM8MkA/m2-MM8MkA_consensus_upload.gz,1,/data/revseq/metagenomics_integration_proof-of-concept/results/results/RVSeqPlate9/MM8MkA/merge_regions/MM8MkA.bed
m2-Mp25Fk,/data/revseq/results/gather_results/RVSeqPlate9-m2/sample_m2-Mp25Fk/m2-Mp25Fk_consensus_upload.gz,1,/data/revseq/metagenomics_integration_proof-of-concept/results/results/RVSeqPlate9/Mp25Fk/merge_regions/Mp25Fk.bed
m2-PVBn6f,/data/revseq/results/gather_results/RVSeqPlate9-m2/sample_m2-PVBn6f/m2-PVBn6f_consensus_upload.gz,1,/data/revseq/metagenomics_integration_proof-of-concept/results/results/RVSeqPlate9/PVBn6f/merge_regions/PVBn6f.bed
m2-xwByzt,/data/revseq/results/gather_results/RVSeqPlate9-m2/sample_m2-xwByzt/m2-xwByzt_consensus_upload.gz,1,/data/revseq/metagenomics_integration_proof-of-concept/results/results/RVSeqPlate9/xwByzt/merge_regions/xwByzt.bed
m2-ozGf4E,/data/revseq/results/gather_results/RVSeqPlate9-m2/sample_m2-ozGf4E/m2-ozGf4E_consensus_upload.gz,1,/data/revseq/metagenomics_integration_proof-of-concept/results/results/RVSeqPlate9/ozGf4E/merge_regions/ozGf4E.bed
m2-yR5Hef,/data/revseq/results/gather_results/RVSeqPlate9-m2/sample_m2-yR5Hef/m2-yR5Hef_consensus_upload.gz,1,/data/revseq/metagenomics_integration_proof-of-concept/results/results/RVSeqPlate9/yR5Hef/merge_regions/yR5Hef.bed
m2-STGkhE,/data/revseq/results/gather_results/RVSeqPlate9-m2/sample_m2-STGkhE/m2-STGkhE_consensus_upload.gz,1,/data/revseq/metagenomics_integration_proof-of-concept/results/results/RVSeqPlate9/STGkhE/merge_regions/STGkhE.bed
m2-V8dKQC,/data/revseq/results/gather_results/RVSeqPlate9-m2/sample_m2-V8dKQC/m2-V8dKQC_consensus_upload.gz,1,/data/revseq/metagenomics_integration_proof-of-concept/results/results/RVSeqPlate9/V8dKQC/merge_regions/V8dKQC.bed
m2-W4ZnHe,/data/revseq/results/gather_results/RVSeqPlate9-m2/sample_m2-W4ZnHe/m2-W4ZnHe_consensus_upload.gz,1,/data/revseq/metagenomics_integration_proof-of-concept/results/results/RVSeqPlate9/W4ZnHe/merge_regions/W4ZnHe.bed
m2-Xo2ZNk,/data/revseq/results/gather_results/RVSeqPlate9-m2/sample_m2-Xo2ZNk/m2-Xo2ZNk_consensus_upload.gz,7,/data/revseq/metagenomics_integration_proof-of-concept/results/results/RVSeqPlate9/Xo2ZNk/merge_regions/Xo2ZNk.bed
m2-V9rHyG,/data/revseq/results/gather_results/RVSeqPlate9-m2/sample_m2-V9rHyG/m2-V9rHyG_consensus_upload.gz,1,/data/revseq/metagenomics_integration_proof-of-concept/results/results/RVSeqPlate9/V9rHyG/merge_regions/V9rHyG.bed
m2-b3vnfe,/data/revseq/results/gather_results/RVSeqPlate10-m2/sample_m2-b3vnfe/m2-b3vnfe_consensus_upload.gz,7,/data/revseq/metagenomics_integration_proof-of-concept/results/results/RVSeqPlate10/b3vnfe/merge_regions/b3vnfe.bed
m2-Yg94Uo,/data/revseq/results/gather_results/RVSeqPlate10-m2/sample_m2-Yg94Uo/m2-Yg94Uo_consensus_upload.gz,1,/data/revseq/metagenomics_integration_proof-of-concept/results/results/RVSeqPlate10/Yg94Uo/merge_regions/Yg94Uo.bed
m2-JqBYLh,/data/revseq/results/gather_results/RVSeqPlate10-m2/sample_m2-JqBYLh/m2-JqBYLh_consensus_upload.gz,1,/data/revseq/metagenomics_integration_proof-of-concept/results/results/RVSeqPlate10/JqBYLh/merge_regions/JqBYLh.bed
m2-Qw6j9Q,/data/revseq/results/gather_results/RVSeqPlate10-m2/sample_m2-Qw6j9Q/m2-Qw6j9Q_consensus_upload.gz,7,/data/revseq/metagenomics_integration_proof-of-concept/results/results/RVSeqPlate10/Qw6j9Q/merge_regions/Qw6j9Q.bed
m2-Kr6366,/data/revseq/results/gather_results/RVSeqPlate10-m2/sample_m2-Kr6366/m2-Kr6366_consensus_upload.gz,1,/data/revseq/metagenomics_integration_proof-of-concept/results/results/RVSeqPlate10/Kr6366/merge_regions/Kr6366.bed
m2-WpJqxj,/data/revseq/results/gather_results/RVSeqPlate10-m2/sample_m2-WpJqxj/m2-WpJqxj_consensus_upload.gz,1,/data/revseq/metagenomics_integration_proof-of-concept/results/results/RVSeqPlate10/WpJqxj/merge_regions/WpJqxj.bed
m2-gJTbaX,/data/revseq/results/gather_results/RVSeqPlate10-m2/sample_m2-gJTbaX/m2-gJTbaX_consensus_upload.gz,1,/data/revseq/metagenomics_integration_proof-of-concept/results/results/RVSeqPlate10/gJTbaX/merge_regions/gJTbaX.bed
m2-HsBVJN,/data/revseq/results/gather_results/RVSeqPlate10-m2/sample_m2-HsBVJN/m2-HsBVJN_consensus_upload.gz,1,/data/revseq/metagenomics_integration_proof-of-concept/results/results/RVSeqPlate10/HsBVJN/merge_regions/HsBVJN.bed
m2-LMD6ho,/data/revseq/results/gather_results/RVSeqPlate10-m2/sample_m2-LMD6ho/m2-LMD6ho_consensus_upload.gz,1,/data/revseq/metagenomics_integration_proof-of-concept/results/results/RVSeqPlate10/LMD6ho/merge_regions/LMD6ho.bed
m2-Kyii3a,/data/revseq/results/gather_results/RVSeqPlate10-m2/sample_m2-Kyii3a/m2-Kyii3a_consensus_upload.gz,1,/data/revseq/metagenomics_integration_proof-of-concept/results/results/RVSeqPlate10/Kyii3a/merge_regions/Kyii3a.bed
m2-q8yvBm,/data/revseq/results/gather_results/RVSeqPlate10-m2/sample_m2-q8yvBm/m2-q8yvBm_consensus_upload.gz,1,/data/revseq/metagenomics_integration_proof-of-concept/results/results/RVSeqPlate10/q8yvBm/merge_regions/q8yvBm.bed
m2-MjqpEV,/data/revseq/results/gather_results/RVSeqPlate10-m2/sample_m2-MjqpEV/m2-MjqpEV_consensus_upload.gz,1,/data/revseq/metagenomics_integration_proof-of-concept/results/results/RVSeqPlate10/MjqpEV/merge_regions/MjqpEV.bed
m2-ztFGoy,/data/revseq/results/gather_results/RVSeqPlate10-m2/sample_m2-ztFGoy/m2-ztFGoy_consensus_upload.gz,8,/data/revseq/metagenomics_integration_proof-of-concept/results/results/RVSeqPlate10/ztFGoy/merge_regions/ztFGoy.bed
m2-ENT3qs,/data/revseq/results/gather_results/RVSeqPlate10-m2/sample_m2-ENT3qs/m2-ENT3qs_consensus_upload.gz,1,/data/revseq/metagenomics_integration_proof-of-concept/results/results/RVSeqPlate10/ENT3qs/merge_regions/ENT3qs.bed
m2-TUofv5,/data/revseq/results/gather_results/RVSeqPlate10-m2/sample_m2-TUofv5/m2-TUofv5_consensus_upload.gz,1,/data/revseq/metagenomics_integration_proof-of-concept/results/results/RVSeqPlate10/TUofv5/merge_regions/TUofv5.bed
m2-Uph9U3,/data/revseq/results/gather_results/RVSeqPlate10-m2/sample_m2-Uph9U3/m2-Uph9U3_consensus_upload.gz,1,/data/revseq/metagenomics_integration_proof-of-concept/results/results/RVSeqPlate10/Uph9U3/merge_regions/Uph9U3.bed
m2-RgZWrD,/data/revseq/results/gather_results/RVSeqPlate10-m2/sample_m2-RgZWrD/m2-RgZWrD_consensus_upload.gz,1,/data/revseq/metagenomics_integration_proof-of-concept/results/results/RVSeqPlate10/RgZWrD/merge_regions/RgZWrD.bed
m2-iAMjS3,/data/revseq/results/gather_results/RVSeqPlate10-m2/sample_m2-iAMjS3/m2-iAMjS3_consensus_upload.gz,7,/data/revseq/metagenomics_integration_proof-of-concept/results/results/RVSeqPlate10/iAMjS3/merge_regions/iAMjS3.bed
m2-gxCe5X,/data/revseq/results/gather_results/RVSeqPlate10-m2/sample_m2-gxCe5X/m2-gxCe5X_consensus_upload.gz,1,/data/revseq/metagenomics_integration_proof-of-concept/results/results/RVSeqPlate10/gxCe5X/merge_regions/gxCe5X.bed
m2-uGN5sK,/data/revseq/results/gather_results/RVSeqPlate10-m2/sample_m2-uGN5sK/m2-uGN5sK_consensus_upload.gz,7,/data/revseq/metagenomics_integration_proof-of-concept/results/results/RVSeqPlate10/uGN5sK/merge_regions/uGN5sK.bed
m2-Kouapg,/data/revseq/results/gather_results/RVSeqPlate10-m2/sample_m2-Kouapg/m2-Kouapg_consensus_upload.gz,1,/data/revseq/metagenomics_integration_proof-of-concept/results/results/RVSeqPlate10/Kouapg/merge_regions/Kouapg.bed
m2-3CuPYs,/data/revseq/results/gather_results/RVSeqPlate10-m2/sample_m2-3CuPYs/m2-3CuPYs_consensus_upload.gz,1,/data/revseq/metagenomics_integration_proof-of-concept/results/results/RVSeqPlate10/3CuPYs/merge_regions/3CuPYs.bed
m2-3p7s5a,/data/revseq/results/gather_results/RVSeqPlate10-m2/sample_m2-3p7s5a/m2-3p7s5a_consensus_upload.gz,8,/data/revseq/metagenomics_integration_proof-of-concept/results/results/RVSeqPlate10/3p7s5a/merge_regions/3p7s5a.bed
m2-amRv2M,/data/revseq/results/gather_results/RVSeqPlate10-m2/sample_m2-amRv2M/m2-amRv2M_consensus_upload.gz,1,/data/revseq/metagenomics_integration_proof-of-concept/results/results/RVSeqPlate10/amRv2M/merge_regions/amRv2M.bed
m2-AqTpPL,/data/revseq/results/gather_results/RVSeqPlate10-m2/sample_m2-AqTpPL/m2-AqTpPL_consensus_upload.gz,1,/data/revseq/metagenomics_integration_proof-of-concept/results/results/RVSeqPlate10/AqTpPL/merge_regions/AqTpPL.bed
m2-ar4p3m,/data/revseq/results/gather_results/RVSeqPlate10-m2/sample_m2-ar4p3m/m2-ar4p3m_consensus_upload.gz,1,/data/revseq/metagenomics_integration_proof-of-concept/results/results/RVSeqPlate10/ar4p3m/merge_regions/ar4p3m.bed
m2-KvvZnz,/data/revseq/results/gather_results/RVSeqPlate10-m2/sample_m2-KvvZnz/m2-KvvZnz_consensus_upload.gz,1,/data/revseq/metagenomics_integration_proof-of-concept/results/results/RVSeqPlate10/KvvZnz/merge_regions/KvvZnz.bed
m2-PQ5aTg,/data/revseq/results/gather_results/RVSeqPlate10-m2/sample_m2-PQ5aTg/m2-PQ5aTg_consensus_upload.gz,1,/data/revseq/metagenomics_integration_proof-of-concept/results/results/RVSeqPlate10/PQ5aTg/merge_regions/PQ5aTg.bed
m2-qFQ9kJ,/data/revseq/results/gather_results/RVSeqPlate10-m2/sample_m2-qFQ9kJ/m2-qFQ9kJ_consensus_upload.gz,1,/data/revseq/metagenomics_integration_proof-of-concept/results/results/RVSeqPlate10/qFQ9kJ/merge_regions/qFQ9kJ.bed
m2-BP3DjK,/data/revseq/results/gather_results/RVSeqPlate10-m2/sample_m2-BP3DjK/m2-BP3DjK_consensus_upload.gz,1,/data/revseq/metagenomics_integration_proof-of-concept/results/results/RVSeqPlate10/BP3DjK/merge_regions/BP3DjK.bed
m2-yEmM7C,/data/revseq/results/gather_results/RVSeqPlate10-m2/sample_m2-yEmM7C/m2-yEmM7C_consensus_upload.gz,1,/data/revseq/metagenomics_integration_proof-of-concept/results/results/RVSeqPlate10/yEmM7C/merge_regions/yEmM7C.bed
m2-wgoGjP,/data/revseq/results/gather_results/RVSeqPlate10-m2/sample_m2-wgoGjP/m2-wgoGjP_consensus_upload.gz,1,/data/revseq/metagenomics_integration_proof-of-concept/results/results/RVSeqPlate10/wgoGjP/merge_regions/wgoGjP.bed
m2-VnXdYZ,/data/revseq/results/gather_results/RVSeqPlate10-m2/sample_m2-VnXdYZ/m2-VnXdYZ_consensus_upload.gz,1,/data/revseq/metagenomics_integration_proof-of-concept/results/results/RVSeqPlate10/VnXdYZ/merge_regions/VnXdYZ.bed
m2-qeHUBn,/data/revseq/results/gather_results/RVSeqPlate10-m2/sample_m2-qeHUBn/m2-qeHUBn_consensus_upload.gz,8,/data/revseq/metagenomics_integration_proof-of-concept/results/results/RVSeqPlate10/qeHUBn/merge_regions/qeHUBn.bed
m2-EYQGUT,/data/revseq/results/gather_results/RVSeqPlate10-m2/sample_m2-EYQGUT/m2-EYQGUT_consensus_upload.gz,1,/data/revseq/metagenomics_integration_proof-of-concept/results/results/RVSeqPlate10/EYQGUT/merge_regions/EYQGUT.bed
m2-gvJsdn,/data/revseq/results/gather_results/RVSeqPlate10-m2/sample_m2-gvJsdn/m2-gvJsdn_consensus_upload.gz,1,/data/revseq/metagenomics_integration_proof-of-concept/results/results/RVSeqPlate10/gvJsdn/merge_regions/gvJsdn.bed
m2-P9mWJr,/data/revseq/results/gather_results/RVSeqPlate10-m2/sample_m2-P9mWJr/m2-P9mWJr_consensus_upload.gz,1,/data/revseq/metagenomics_integration_proof-of-concept/results/results/RVSeqPlate10/P9mWJr/merge_regions/P9mWJr.bed
m2-JBeRmh,/data/revseq/results/gather_results/RVSeqPlate10-m2/sample_m2-JBeRmh/m2-JBeRmh_consensus_upload.gz,1,/data/revseq/metagenomics_integration_proof-of-concept/results/results/RVSeqPlate10/JBeRmh/merge_regions/JBeRmh.bed
m2-39xr8K,/data/revseq/results/gather_results/RVSeqPlate10-m2/sample_m2-39xr8K/m2-39xr8K_consensus_upload.gz,1,/data/revseq/metagenomics_integration_proof-of-concept/results/results/RVSeqPlate10/39xr8K/merge_regions/39xr8K.bed
m2-9qnCXK,/data/revseq/results/gather_results/RVSeqPlate10-m2/sample_m2-9qnCXK/m2-9qnCXK_consensus_upload.gz,1,/data/revseq/metagenomics_integration_proof-of-concept/results/results/RVSeqPlate10/9qnCXK/merge_regions/9qnCXK.bed
m2-TcfHz7,/data/revseq/results/gather_results/RVSeqPlate11-m2/sample_m2-TcfHz7/m2-TcfHz7_consensus_upload.gz,1,/data/revseq/metagenomics_integration_proof-of-concept/results/results/RVSeqPlate11/TcfHz7/merge_regions/TcfHz7.bed
m2-nHuJXs,/data/revseq/results/gather_results/RVSeqPlate11-m2/sample_m2-nHuJXs/m2-nHuJXs_consensus_upload.gz,1,/data/revseq/metagenomics_integration_proof-of-concept/results/results/RVSeqPlate11/nHuJXs/merge_regions/nHuJXs.bed
m2-jCKGBv,/data/revseq/results/gather_results/RVSeqPlate11-m2/sample_m2-jCKGBv/m2-jCKGBv_consensus_upload.gz,1,/data/revseq/metagenomics_integration_proof-of-concept/results/results/RVSeqPlate11/jCKGBv/merge_regions/jCKGBv.bed
m2-MUZ8Cb,/data/revseq/results/gather_results/RVSeqPlate11-m2/sample_m2-MUZ8Cb/m2-MUZ8Cb_consensus_upload.gz,1,/data/revseq/metagenomics_integration_proof-of-concept/results/results/RVSeqPlate11/MUZ8Cb/merge_regions/MUZ8Cb.bed
m2-HqYEku,/data/revseq/results/gather_results/RVSeqPlate11-m2/sample_m2-HqYEku/m2-HqYEku_consensus_upload.gz,7,/data/revseq/metagenomics_integration_proof-of-concept/results/results/RVSeqPlate11/HqYEku/merge_regions/HqYEku.bed
m2-NaDTTs,/data/revseq/results/gather_results/RVSeqPlate11-m2/sample_m2-NaDTTs/m2-NaDTTs_consensus_upload.gz,1,/data/revseq/metagenomics_integration_proof-of-concept/results/results/RVSeqPlate11/NaDTTs/merge_regions/NaDTTs.bed
m2-HUBpy4,/data/revseq/results/gather_results/RVSeqPlate11-m2/sample_m2-HUBpy4/m2-HUBpy4_consensus_upload.gz,1,/data/revseq/metagenomics_integration_proof-of-concept/results/results/RVSeqPlate11/HUBpy4/merge_regions/HUBpy4.bed
m2-icabqG,/data/revseq/results/gather_results/RVSeqPlate11-m2/sample_m2-icabqG/m2-icabqG_consensus_upload.gz,7,/data/revseq/metagenomics_integration_proof-of-concept/results/results/RVSeqPlate11/icabqG/merge_regions/icabqG.bed
m2-i7rgAJ,/data/revseq/results/gather_results/RVSeqPlate11-m2/sample_m2-i7rgAJ/m2-i7rgAJ_consensus_upload.gz,1,/data/revseq/metagenomics_integration_proof-of-concept/results/results/RVSeqPlate11/i7rgAJ/merge_regions/i7rgAJ.bed
m2-KaJ5Pe,/data/revseq/results/gather_results/RVSeqPlate11-m2/sample_m2-KaJ5Pe/m2-KaJ5Pe_consensus_upload.gz,1,/data/revseq/metagenomics_integration_proof-of-concept/results/results/RVSeqPlate11/KaJ5Pe/merge_regions/KaJ5Pe.bed
m2-ujTsiu,/data/revseq/results/gather_results/RVSeqPlate11-m2/sample_m2-ujTsiu/m2-ujTsiu_consensus_upload.gz,1,/data/revseq/metagenomics_integration_proof-of-concept/results/results/RVSeqPlate11/ujTsiu/merge_regions/ujTsiu.bed
m2-y58Q75,/data/revseq/results/gather_results/RVSeqPlate11-m2/sample_m2-y58Q75/m2-y58Q75_consensus_upload.gz,1,/data/revseq/metagenomics_integration_proof-of-concept/results/results/RVSeqPlate11/y58Q75/merge_regions/y58Q75.bed
m2-wVBQbT,/data/revseq/results/gather_results/RVSeqPlate11-m2/sample_m2-wVBQbT/m2-wVBQbT_consensus_upload.gz,8,/data/revseq/metagenomics_integration_proof-of-concept/results/results/RVSeqPlate11/wVBQbT/merge_regions/wVBQbT.bed
m2-weJAnw,/data/revseq/results/gather_results/RVSeqPlate11-m2/sample_m2-weJAnw/m2-weJAnw_consensus_upload.gz,1,/data/revseq/metagenomics_integration_proof-of-concept/results/results/RVSeqPlate11/weJAnw/merge_regions/weJAnw.bed
m2-34KSAo,/data/revseq/results/gather_results/RVSeqPlate11-m2/sample_m2-34KSAo/m2-34KSAo_consensus_upload.gz,1,/data/revseq/metagenomics_integration_proof-of-concept/results/results/RVSeqPlate11/34KSAo/merge_regions/34KSAo.bed
m2-ABxNA9,/data/revseq/results/gather_results/RVSeqPlate11-m2/sample_m2-ABxNA9/m2-ABxNA9_consensus_upload.gz,1,/data/revseq/metagenomics_integration_proof-of-concept/results/results/RVSeqPlate11/ABxNA9/merge_regions/ABxNA9.bed
m2-aEURHb,/data/revseq/results/gather_results/RVSeqPlate11-m2/sample_m2-aEURHb/m2-aEURHb_consensus_upload.gz,1,/data/revseq/metagenomics_integration_proof-of-concept/results/results/RVSeqPlate11/aEURHb/merge_regions/aEURHb.bed
m2-bpDXvz,/data/revseq/results/gather_results/RVSeqPlate11-m2/sample_m2-bpDXvz/m2-bpDXvz_consensus_upload.gz,8,/data/revseq/metagenomics_integration_proof-of-concept/results/results/RVSeqPlate11/bpDXvz/merge_regions/bpDXvz.bed
m2-BvdErP,/data/revseq/results/gather_results/RVSeqPlate11-m2/sample_m2-BvdErP/m2-BvdErP_consensus_upload.gz,1,/data/revseq/metagenomics_integration_proof-of-concept/results/results/RVSeqPlate11/BvdErP/merge_regions/BvdErP.bed
m2-F34WtX,/data/revseq/results/gather_results/RVSeqPlate11-m2/sample_m2-F34WtX/m2-F34WtX_consensus_upload.gz,1,/data/revseq/metagenomics_integration_proof-of-concept/results/results/RVSeqPlate11/F34WtX/merge_regions/F34WtX.bed
m2-GRjNzo,/data/revseq/results/gather_results/RVSeqPlate11-m2/sample_m2-GRjNzo/m2-GRjNzo_consensus_upload.gz,1,/data/revseq/metagenomics_integration_proof-of-concept/results/results/RVSeqPlate11/GRjNzo/merge_regions/GRjNzo.bed
m2-Ho9wQu,/data/revseq/results/gather_results/RVSeqPlate11-m2/sample_m2-Ho9wQu/m2-Ho9wQu_consensus_upload.gz,1,/data/revseq/metagenomics_integration_proof-of-concept/results/results/RVSeqPlate11/Ho9wQu/merge_regions/Ho9wQu.bed
m2-jM3n9w,/data/revseq/results/gather_results/RVSeqPlate11-m2/sample_m2-jM3n9w/m2-jM3n9w_consensus_upload.gz,1,/data/revseq/metagenomics_integration_proof-of-concept/results/results/RVSeqPlate11/jM3n9w/merge_regions/jM3n9w.bed
m2-ToGSRe,/data/revseq/results/gather_results/RVSeqPlate11-m2/sample_m2-ToGSRe/m2-ToGSRe_consensus_upload.gz,1,/data/revseq/metagenomics_integration_proof-of-concept/results/results/RVSeqPlate11/ToGSRe/merge_regions/ToGSRe.bed
m2-eyf48e,/data/revseq/results/gather_results/RVSeqPlate11-m2/sample_m2-eyf48e/m2-eyf48e_consensus_upload.gz,1,/data/revseq/metagenomics_integration_proof-of-concept/results/results/RVSeqPlate11/eyf48e/merge_regions/eyf48e.bed
m2-DhoSq8,/data/revseq/results/gather_results/RVSeqPlate11-m2/sample_m2-DhoSq8/m2-DhoSq8_consensus_upload.gz,1,/data/revseq/metagenomics_integration_proof-of-concept/results/results/RVSeqPlate11/DhoSq8/merge_regions/DhoSq8.bed
m2-gycK6z,/data/revseq/results/gather_results/RVSeqPlate11-m2/sample_m2-gycK6z/m2-gycK6z_consensus_upload.gz,1,/data/revseq/metagenomics_integration_proof-of-concept/results/results/RVSeqPlate11/gycK6z/merge_regions/gycK6z.bed
m2-53qCwY,/data/revseq/results/gather_results/RVSeqPlate12-m2/sample_m2-53qCwY/m2-53qCwY_consensus_upload.gz,1,/data/revseq/metagenomics_integration_proof-of-concept/results/results/RVSeqPlate12/53qCwY/merge_regions/53qCwY.bed
m2-fChozQ,/data/revseq/results/gather_results/RVSeqPlate12-m2/sample_m2-fChozQ/m2-fChozQ_consensus_upload.gz,1,/data/revseq/metagenomics_integration_proof-of-concept/results/results/RVSeqPlate12/fChozQ/merge_regions/fChozQ.bed
m2-zhhg9e,/data/revseq/results/gather_results/RVSeqPlate12-m2/sample_m2-zhhg9e/m2-zhhg9e_consensus_upload.gz,1,/data/revseq/metagenomics_integration_proof-of-concept/results/results/RVSeqPlate12/zhhg9e/merge_regions/zhhg9e.bed
m2-pCrZWV,/data/revseq/results/gather_results/RVSeqPlate12-m2/sample_m2-pCrZWV/m2-pCrZWV_consensus_upload.gz,1,/data/revseq/metagenomics_integration_proof-of-concept/results/results/RVSeqPlate12/pCrZWV/merge_regions/pCrZWV.bed
m2-3UqUSN,/data/revseq/results/gather_results/RVSeqPlate12-m2/sample_m2-3UqUSN/m2-3UqUSN_consensus_upload.gz,1,/data/revseq/metagenomics_integration_proof-of-concept/results/results/RVSeqPlate12/3UqUSN/merge_regions/3UqUSN.bed
m2-sSV2Bt,/data/revseq/results/gather_results/RVSeqPlate12-m2/sample_m2-sSV2Bt/m2-sSV2Bt_consensus_upload.gz,1,/data/revseq/metagenomics_integration_proof-of-concept/results/results/RVSeqPlate12/sSV2Bt/merge_regions/sSV2Bt.bed
m2-v72khW,/data/revseq/results/gather_results/RVSeqPlate12-m2/sample_m2-v72khW/m2-v72khW_consensus_upload.gz,1,/data/revseq/metagenomics_integration_proof-of-concept/results/results/RVSeqPlate12/v72khW/merge_regions/v72khW.bed
m2-ED6Fyo,/data/revseq/results/gather_results/RVSeqPlate12-m2/sample_m2-ED6Fyo/m2-ED6Fyo_consensus_upload.gz,1,/data/revseq/metagenomics_integration_proof-of-concept/results/results/RVSeqPlate12/ED6Fyo/merge_regions/ED6Fyo.bed
m2-n45rMk,/data/revseq/results/gather_results/RVSeqPlate12-m2/sample_m2-n45rMk/m2-n45rMk_consensus_upload.gz,1,/data/revseq/metagenomics_integration_proof-of-concept/results/results/RVSeqPlate12/n45rMk/merge_regions/n45rMk.bed
m2-e3Nkuo,/data/revseq/results/gather_results/RVSeqPlate12-m2/sample_m2-e3Nkuo/m2-e3Nkuo_consensus_upload.gz,1,/data/revseq/metagenomics_integration_proof-of-concept/results/results/RVSeqPlate12/e3Nkuo/merge_regions/e3Nkuo.bed
m2-h54gk9,/data/revseq/results/gather_results/RVSeqPlate12-m2/sample_m2-h54gk9/m2-h54gk9_consensus_upload.gz,1,/data/revseq/metagenomics_integration_proof-of-concept/results/results/RVSeqPlate12/h54gk9/merge_regions/h54gk9.bed
m2-kLPe6f,/data/revseq/results/gather_results/RVSeqPlate12-m2/sample_m2-kLPe6f/m2-kLPe6f_consensus_upload.gz,1,/data/revseq/metagenomics_integration_proof-of-concept/results/results/RVSeqPlate12/kLPe6f/merge_regions/kLPe6f.bed
m2-oD3bo4,/data/revseq/results/gather_results/RVSeqPlate12-m2/sample_m2-oD3bo4/m2-oD3bo4_consensus_upload.gz,1,/data/revseq/metagenomics_integration_proof-of-concept/results/results/RVSeqPlate12/oD3bo4/merge_regions/oD3bo4.bed
m2-oUUEge,/data/revseq/results/gather_results/RVSeqPlate12-m2/sample_m2-oUUEge/m2-oUUEge_consensus_upload.gz,1,/data/revseq/metagenomics_integration_proof-of-concept/results/results/RVSeqPlate12/oUUEge/merge_regions/oUUEge.bed
m2-X4aXWG,/data/revseq/results/gather_results/RVSeqPlate12-m2/sample_m2-X4aXWG/m2-X4aXWG_consensus_upload.gz,1,/data/revseq/metagenomics_integration_proof-of-concept/results/results/RVSeqPlate12/X4aXWG/merge_regions/X4aXWG.bed
m2-tDuWkr,/data/revseq/results/gather_results/RVSeqPlate12-m2/sample_m2-tDuWkr/m2-tDuWkr_consensus_upload.gz,1,/data/revseq/metagenomics_integration_proof-of-concept/results/results/RVSeqPlate12/tDuWkr/merge_regions/tDuWkr.bed
m2-HkLtpW,/data/revseq/results/gather_results/RVSeqPlate12-m2/sample_m2-HkLtpW/m2-HkLtpW_consensus_upload.gz,1,/data/revseq/metagenomics_integration_proof-of-concept/results/results/RVSeqPlate12/HkLtpW/merge_regions/HkLtpW.bed
m2-CcozBt,/data/revseq/results/gather_results/RVSeqPlate12-m2/sample_m2-CcozBt/m2-CcozBt_consensus_upload.gz,1,/data/revseq/metagenomics_integration_proof-of-concept/results/results/RVSeqPlate12/CcozBt/merge_regions/CcozBt.bed
m2-fngLcf,/data/revseq/results/gather_results/RVSeqPlate12-m2/sample_m2-fngLcf/m2-fngLcf_consensus_upload.gz,1,/data/revseq/metagenomics_integration_proof-of-concept/results/results/RVSeqPlate12/fngLcf/merge_regions/fngLcf.bed
m2-NdSZao,/data/revseq/results/gather_results/RVSeqPlate12-m2/sample_m2-NdSZao/m2-NdSZao_consensus_upload.gz,1,/data/revseq/metagenomics_integration_proof-of-concept/results/results/RVSeqPlate12/NdSZao/merge_regions/NdSZao.bed
m2-s96RDD,/data/revseq/results/gather_results/RVSeqPlate12-m2/sample_m2-s96RDD/m2-s96RDD_consensus_upload.gz,1,/data/revseq/metagenomics_integration_proof-of-concept/results/results/RVSeqPlate12/s96RDD/merge_regions/s96RDD.bed
m2-VduGeq,/data/revseq/results/gather_results/RVSeqPlate12-m2/sample_m2-VduGeq/m2-VduGeq_consensus_upload.gz,1,/data/revseq/metagenomics_integration_proof-of-concept/results/results/RVSeqPlate12/VduGeq/merge_regions/VduGeq.bed
m2-wM9MFc,/data/revseq/results/gather_results/RVSeqPlate12-m2/sample_m2-wM9MFc/m2-wM9MFc_consensus_upload.gz,1,/data/revseq/metagenomics_integration_proof-of-concept/results/results/RVSeqPlate12/wM9MFc/merge_regions/wM9MFc.bed
m2-2NXwCk,/data/revseq/results/gather_results/RVSeqPlate13-m2/sample_m2-2NXwCk/m2-2NXwCk_consensus_upload.gz,1,/data/revseq/metagenomics_integration_proof-of-concept/results/results/RVSeqPlate13/2NXwCk/merge_regions/2NXwCk.bed
m2-8ochGa,/data/revseq/results/gather_results/RVSeqPlate13-m2/sample_m2-8ochGa/m2-8ochGa_consensus_upload.gz,8,/data/revseq/metagenomics_integration_proof-of-concept/results/results/RVSeqPlate13/8ochGa/merge_regions/8ochGa.bed
m2-SccDgj,/data/revseq/results/gather_results/RVSeqPlate13-m2/sample_m2-SccDgj/m2-SccDgj_consensus_upload.gz,1,/data/revseq/metagenomics_integration_proof-of-concept/results/results/RVSeqPlate13/SccDgj/merge_regions/SccDgj.bed
m2-oDzvGR,/data/revseq/results/gather_results/RVSeqPlate13-m2/sample_m2-oDzvGR/m2-oDzvGR_consensus_upload.gz,1,/data/revseq/metagenomics_integration_proof-of-concept/results/results/RVSeqPlate13/oDzvGR/merge_regions/oDzvGR.bed
m2-L3ukKo,/data/revseq/results/gather_results/RVSeqPlate13-m2/sample_m2-L3ukKo/m2-L3ukKo_consensus_upload.gz,1,/data/revseq/metagenomics_integration_proof-of-concept/results/results/RVSeqPlate13/L3ukKo/merge_regions/L3ukKo.bed
m2-9KEquH,/data/revseq/results/gather_results/RVSeqPlate13-m2/sample_m2-9KEquH/m2-9KEquH_consensus_upload.gz,1,/data/revseq/metagenomics_integration_proof-of-concept/results/results/RVSeqPlate13/9KEquH/merge_regions/9KEquH.bed
m2-qWgDtq,/data/revseq/results/gather_results/RVSeqPlate13-m2/sample_m2-qWgDtq/m2-qWgDtq_consensus_upload.gz,8,/data/revseq/metagenomics_integration_proof-of-concept/results/results/RVSeqPlate13/qWgDtq/merge_regions/qWgDtq.bed
m2-33tHNX,/data/revseq/results/gather_results/RVSeqPlate13-m2/sample_m2-33tHNX/m2-33tHNX_consensus_upload.gz,8,/data/revseq/metagenomics_integration_proof-of-concept/results/results/RVSeqPlate13/33tHNX/merge_regions/33tHNX.bed
m2-YztDkU,/data/revseq/results/gather_results/RVSeqPlate13-m2/sample_m2-YztDkU/m2-YztDkU_consensus_upload.gz,1,/data/revseq/metagenomics_integration_proof-of-concept/results/results/RVSeqPlate13/YztDkU/merge_regions/YztDkU.bed
m2-n4CyR5,/data/revseq/results/gather_results/RVSeqPlate13-m2/sample_m2-n4CyR5/m2-n4CyR5_consensus_upload.gz,1,/data/revseq/metagenomics_integration_proof-of-concept/results/results/RVSeqPlate13/n4CyR5/merge_regions/n4CyR5.bed
m2-gxDNRv,/data/revseq/results/gather_results/RVSeqPlate13-m2/sample_m2-gxDNRv/m2-gxDNRv_consensus_upload.gz,1,/data/revseq/metagenomics_integration_proof-of-concept/results/results/RVSeqPlate13/gxDNRv/merge_regions/gxDNRv.bed
m2-mkGmpe,/data/revseq/results/gather_results/RVSeqPlate13-m2/sample_m2-mkGmpe/m2-mkGmpe_consensus_upload.gz,1,/data/revseq/metagenomics_integration_proof-of-concept/results/results/RVSeqPlate13/mkGmpe/merge_regions/mkGmpe.bed
m2-nmHdMk,/data/revseq/results/gather_results/RVSeqPlate13-m2/sample_m2-nmHdMk/m2-nmHdMk_consensus_upload.gz,1,/data/revseq/metagenomics_integration_proof-of-concept/results/results/RVSeqPlate13/nmHdMk/merge_regions/nmHdMk.bed
m2-AXsNSL,/data/revseq/results/gather_results/RVSeqPlate13-m2/sample_m2-AXsNSL/m2-AXsNSL_consensus_upload.gz,1,/data/revseq/metagenomics_integration_proof-of-concept/results/results/RVSeqPlate13/AXsNSL/merge_regions/AXsNSL.bed
m2-oxY6PQ,/data/revseq/results/gather_results/RVSeqPlate13-m2/sample_m2-oxY6PQ/m2-oxY6PQ_consensus_upload.gz,1,/data/revseq/metagenomics_integration_proof-of-concept/results/results/RVSeqPlate13/oxY6PQ/merge_regions/oxY6PQ.bed
m2-pDAji8,/data/revseq/results/gather_results/RVSeqPlate13-m2/sample_m2-pDAji8/m2-pDAji8_consensus_upload.gz,1,/data/revseq/metagenomics_integration_proof-of-concept/results/results/RVSeqPlate13/pDAji8/merge_regions/pDAji8.bed
m2-PVnipc,/data/revseq/results/gather_results/RVSeqPlate13-m2/sample_m2-PVnipc/m2-PVnipc_consensus_upload.gz,1,/data/revseq/metagenomics_integration_proof-of-concept/results/results/RVSeqPlate13/PVnipc/merge_regions/PVnipc.bed
m2-QTwV7a,/data/revseq/results/gather_results/RVSeqPlate13-m2/sample_m2-QTwV7a/m2-QTwV7a_consensus_upload.gz,1,/data/revseq/metagenomics_integration_proof-of-concept/results/results/RVSeqPlate13/QTwV7a/merge_regions/QTwV7a.bed
m2-G68KXW,/data/revseq/results/gather_results/RVSeqPlate13-m2/sample_m2-G68KXW/m2-G68KXW_consensus_upload.gz,1,/data/revseq/metagenomics_integration_proof-of-concept/results/results/RVSeqPlate13/G68KXW/merge_regions/G68KXW.bed
m2-dC5QX8,/data/revseq/results/gather_results/RVSeqPlate13-m2/sample_m2-dC5QX8/m2-dC5QX8_consensus_upload.gz,1,/data/revseq/metagenomics_integration_proof-of-concept/results/results/RVSeqPlate13/dC5QX8/merge_regions/dC5QX8.bed
m2-V87KNw,/data/revseq/results/gather_results/RVSeqPlate13-m2/sample_m2-V87KNw/m2-V87KNw_consensus_upload.gz,1,/data/revseq/metagenomics_integration_proof-of-concept/results/results/RVSeqPlate13/V87KNw/merge_regions/V87KNw.bed
m2-AcEG8S,/data/revseq/results/gather_results/RVSeqPlate7-m2/sample_m2-AcEG8S/m2-AcEG8S_consensus_upload.gz,8,/data/revseq/metagenomics_integration_proof-of-concept/results/results/RVSeqPlate7/AcEG8S/merge_regions/AcEG8S.bed
m2-bpDXvz,/data/revseq/results/gather_results/RVSeqPlate11-m2/sample_m2-bpDXvz/m2-bpDXvz_consensus_upload.gz,8,/data/revseq/metagenomics_integration_proof-of-concept/results/results/RVSeqPlate11/bpDXvz/merge_regions/bpDXvz.bed